"Step","token_ablation - base - 50 - Train Loss","token_ablation - base - 50 - Train Loss__MIN","token_ablation - base - 50 - Train Loss__MAX","token_ablation - base - 20 - Train Loss","token_ablation - base - 20 - Train Loss__MIN","token_ablation - base - 20 - Train Loss__MAX","token_ablation - base - 1 - Train Loss","token_ablation - base - 1 - Train Loss__MIN","token_ablation - base - 1 - Train Loss__MAX","token_ablation - base - 10 - Train Loss","token_ablation - base - 10 - Train Loss__MIN","token_ablation - base - 10 - Train Loss__MAX"
"0","0.3918650150299072","0.3918650150299072","0.3918650150299072","0.9301058650016785","0.9301058650016785","0.9301058650016785","1.0549248456954956","1.0549248456954956","1.0549248456954956","1.0593130588531494","1.0593130588531494","1.0593130588531494"
"1","0.8120312690734863","0.8120312690734863","0.8120312690734863","1.1595927476882935","1.1595927476882935","1.1595927476882935","1.0929709672927856","1.0929709672927856","1.0929709672927856","1.2020671367645264","1.2020671367645264","1.2020671367645264"
"2","1.6019859313964844","1.6019859313964844","1.6019859313964844","1.3816627264022827","1.3816627264022827","1.3816627264022827","1.1028103828430176","1.1028103828430176","1.1028103828430176","1.342883825302124","1.342883825302124","1.342883825302124"
"3","1.5962095260620117","1.5962095260620117","1.5962095260620117","1.5671234130859375","1.5671234130859375","1.5671234130859375","1.1630300283432007","1.1630300283432007","1.1630300283432007","1.5204699039459229","1.5204699039459229","1.5204699039459229"
"4","1.6958649158477783","1.6958649158477783","1.6958649158477783","1.7003332376480103","1.7003332376480103","1.7003332376480103","1.1776421070098877","1.1776421070098877","1.1776421070098877","1.4972453117370605","1.4972453117370605","1.4972453117370605"
"5","1.6687604188919067","1.6687604188919067","1.6687604188919067","1.7169989347457886","1.7169989347457886","1.7169989347457886","1.3405263423919678","1.3405263423919678","1.3405263423919678","1.6393407583236694","1.6393407583236694","1.6393407583236694"
"6","1.7043254375457764","1.7043254375457764","1.7043254375457764","1.7067030668258667","1.7067030668258667","1.7067030668258667","1.5099338293075562","1.5099338293075562","1.5099338293075562","1.6346917152404785","1.6346917152404785","1.6346917152404785"
"7","1.6691054105758667","1.6691054105758667","1.6691054105758667","1.674382209777832","1.674382209777832","1.674382209777832","1.6597459316253662","1.6597459316253662","1.6597459316253662","1.7287728786468506","1.7287728786468506","1.7287728786468506"
"8","1.6453937292099","1.6453937292099","1.6453937292099","1.735062599182129","1.735062599182129","1.735062599182129","1.681255578994751","1.681255578994751","1.681255578994751","1.7160780429840088","1.7160780429840088","1.7160780429840088"
"9","1.7514686584472656","1.7514686584472656","1.7514686584472656","1.7185757160186768","1.7185757160186768","1.7185757160186768","1.6824396848678589","1.6824396848678589","1.6824396848678589","1.7607691287994385","1.7607691287994385","1.7607691287994385"
"10","1.7036337852478027","1.7036337852478027","1.7036337852478027","1.7806425094604492","1.7806425094604492","1.7806425094604492","1.6950395107269287","1.6950395107269287","1.6950395107269287","1.73142409324646","1.73142409324646","1.73142409324646"
"11","1.7186172008514404","1.7186172008514404","1.7186172008514404","1.747459888458252","1.747459888458252","1.747459888458252","1.719784140586853","1.719784140586853","1.719784140586853","1.7185574769973755","1.7185574769973755","1.7185574769973755"
"12","1.7262446880340576","1.7262446880340576","1.7262446880340576","1.725356101989746","1.725356101989746","1.725356101989746","1.6624428033828735","1.6624428033828735","1.6624428033828735","1.7476041316986084","1.7476041316986084","1.7476041316986084"
"13","1.7466477155685425","1.7466477155685425","1.7466477155685425","1.7714236974716187","1.7714236974716187","1.7714236974716187","1.6738908290863037","1.6738908290863037","1.6738908290863037","1.7643035650253296","1.7643035650253296","1.7643035650253296"
"14","1.7252743244171143","1.7252743244171143","1.7252743244171143","1.7358646392822266","1.7358646392822266","1.7358646392822266","1.644360899925232","1.644360899925232","1.644360899925232","1.7331523895263672","1.7331523895263672","1.7331523895263672"
"15","1.7481482028961182","1.7481482028961182","1.7481482028961182","1.7667958736419678","1.7667958736419678","1.7667958736419678","1.6027698516845703","1.6027698516845703","1.6027698516845703","1.7021992206573486","1.7021992206573486","1.7021992206573486"
"16","1.7619397640228271","1.7619397640228271","1.7619397640228271","1.720630407333374","1.720630407333374","1.720630407333374","1.591764211654663","1.591764211654663","1.591764211654663","1.774330735206604","1.774330735206604","1.774330735206604"
"17","1.760212779045105","1.760212779045105","1.760212779045105","1.737397313117981","1.737397313117981","1.737397313117981","1.6367650032043457","1.6367650032043457","1.6367650032043457","1.728379249572754","1.728379249572754","1.728379249572754"
"18","1.7354865074157715","1.7354865074157715","1.7354865074157715","1.7504624128341675","1.7504624128341675","1.7504624128341675","1.7183749675750732","1.7183749675750732","1.7183749675750732","1.7651689052581787","1.7651689052581787","1.7651689052581787"
"19","1.7854090929031372","1.7854090929031372","1.7854090929031372","1.7643487453460693","1.7643487453460693","1.7643487453460693","1.6893500089645386","1.6893500089645386","1.6893500089645386","1.7732110023498535","1.7732110023498535","1.7732110023498535"
"20","1.7450131177902222","1.7450131177902222","1.7450131177902222","1.772237777709961","1.772237777709961","1.772237777709961","1.6326103210449219","1.6326103210449219","1.6326103210449219","1.7150096893310547","1.7150096893310547","1.7150096893310547"
"21","1.770993709564209","1.770993709564209","1.770993709564209","1.751051425933838","1.751051425933838","1.751051425933838","1.741980791091919","1.741980791091919","1.741980791091919","1.7718204259872437","1.7718204259872437","1.7718204259872437"
"22","1.7464087009429932","1.7464087009429932","1.7464087009429932","1.7746785879135132","1.7746785879135132","1.7746785879135132","1.6710705757141113","1.6710705757141113","1.6710705757141113","1.7651638984680176","1.7651638984680176","1.7651638984680176"
"23","1.7555184364318848","1.7555184364318848","1.7555184364318848","1.664498209953308","1.664498209953308","1.664498209953308","1.726668119430542","1.726668119430542","1.726668119430542","1.7691291570663452","1.7691291570663452","1.7691291570663452"
"24","1.715665578842163","1.715665578842163","1.715665578842163","1.7917424440383911","1.7917424440383911","1.7917424440383911","1.725663423538208","1.725663423538208","1.725663423538208","1.7699142694473267","1.7699142694473267","1.7699142694473267"
"25","1.7669745683670044","1.7669745683670044","1.7669745683670044","1.7723093032836914","1.7723093032836914","1.7723093032836914","1.7153167724609375","1.7153167724609375","1.7153167724609375","1.824108600616455","1.824108600616455","1.824108600616455"
"26","1.7869065999984741","1.7869065999984741","1.7869065999984741","1.7247637510299683","1.7247637510299683","1.7247637510299683","1.6840161085128784","1.6840161085128784","1.6840161085128784","1.7192389965057373","1.7192389965057373","1.7192389965057373"
"27","1.7571229934692383","1.7571229934692383","1.7571229934692383","1.7975614070892334","1.7975614070892334","1.7975614070892334","1.7202898263931274","1.7202898263931274","1.7202898263931274","1.7458710670471191","1.7458710670471191","1.7458710670471191"
"28","1.757967233657837","1.757967233657837","1.757967233657837","1.7619608640670776","1.7619608640670776","1.7619608640670776","1.653180480003357","1.653180480003357","1.653180480003357","1.774106502532959","1.774106502532959","1.774106502532959"
"29","1.7515864372253418","1.7515864372253418","1.7515864372253418","1.7334990501403809","1.7334990501403809","1.7334990501403809","1.7078704833984375","1.7078704833984375","1.7078704833984375","1.7566535472869873","1.7566535472869873","1.7566535472869873"
"30","1.7747917175292969","1.7747917175292969","1.7747917175292969","1.7576005458831787","1.7576005458831787","1.7576005458831787","1.682100772857666","1.682100772857666","1.682100772857666","1.7527084350585938","1.7527084350585938","1.7527084350585938"
"31","1.764204978942871","1.764204978942871","1.764204978942871","1.7557929754257202","1.7557929754257202","1.7557929754257202","1.6435571908950806","1.6435571908950806","1.6435571908950806","1.7223752737045288","1.7223752737045288","1.7223752737045288"
"32","1.769946575164795","1.769946575164795","1.769946575164795","1.7525386810302734","1.7525386810302734","1.7525386810302734","1.7098133563995361","1.7098133563995361","1.7098133563995361","1.7609285116195679","1.7609285116195679","1.7609285116195679"
"33","1.7105591297149658","1.7105591297149658","1.7105591297149658","1.7879770994186401","1.7879770994186401","1.7879770994186401","1.7334580421447754","1.7334580421447754","1.7334580421447754","1.8068565130233765","1.8068565130233765","1.8068565130233765"
"34","1.75590181350708","1.75590181350708","1.75590181350708","1.7971549034118652","1.7971549034118652","1.7971549034118652","1.7284406423568726","1.7284406423568726","1.7284406423568726","1.7216800451278687","1.7216800451278687","1.7216800451278687"
"35","1.8040056228637695","1.8040056228637695","1.8040056228637695","1.7104285955429077","1.7104285955429077","1.7104285955429077","1.6667327880859375","1.6667327880859375","1.6667327880859375","1.7389862537384033","1.7389862537384033","1.7389862537384033"
"36","1.774519443511963","1.774519443511963","1.774519443511963","1.7582921981811523","1.7582921981811523","1.7582921981811523","1.6076995134353638","1.6076995134353638","1.6076995134353638","1.7899327278137207","1.7899327278137207","1.7899327278137207"
"37","1.7564380168914795","1.7564380168914795","1.7564380168914795","1.7664508819580078","1.7664508819580078","1.7664508819580078","1.707030177116394","1.707030177116394","1.707030177116394","1.7676193714141846","1.7676193714141846","1.7676193714141846"
"38","1.772895336151123","1.772895336151123","1.772895336151123","1.766013264656067","1.766013264656067","1.766013264656067","1.7428574562072754","1.7428574562072754","1.7428574562072754","1.804604172706604","1.804604172706604","1.804604172706604"
"39","1.7600669860839844","1.7600669860839844","1.7600669860839844","1.768714189529419","1.768714189529419","1.768714189529419","1.7258833646774292","1.7258833646774292","1.7258833646774292","1.7367455959320068","1.7367455959320068","1.7367455959320068"
"40","1.783598780632019","1.783598780632019","1.783598780632019","1.7128417491912842","1.7128417491912842","1.7128417491912842","1.7490932941436768","1.7490932941436768","1.7490932941436768","1.8065550327301025","1.8065550327301025","1.8065550327301025"
"41","1.7818433046340942","1.7818433046340942","1.7818433046340942","1.7525759935379028","1.7525759935379028","1.7525759935379028","1.6943762302398682","1.6943762302398682","1.6943762302398682","1.76310133934021","1.76310133934021","1.76310133934021"
"42","1.7954654693603516","1.7954654693603516","1.7954654693603516","1.784794807434082","1.784794807434082","1.784794807434082","1.6766818761825562","1.6766818761825562","1.6766818761825562","1.7997570037841797","1.7997570037841797","1.7997570037841797"
"43","1.7639878988265991","1.7639878988265991","1.7639878988265991","1.778767466545105","1.778767466545105","1.778767466545105","1.739291787147522","1.739291787147522","1.739291787147522","1.7868142127990723","1.7868142127990723","1.7868142127990723"
"44","1.8063349723815918","1.8063349723815918","1.8063349723815918","1.7432869672775269","1.7432869672775269","1.7432869672775269","1.7342593669891357","1.7342593669891357","1.7342593669891357","1.8074517250061035","1.8074517250061035","1.8074517250061035"
"45","1.7318227291107178","1.7318227291107178","1.7318227291107178","1.783490538597107","1.783490538597107","1.783490538597107","1.6678466796875","1.6678466796875","1.6678466796875","1.7765629291534424","1.7765629291534424","1.7765629291534424"
"46","1.7711067199707031","1.7711067199707031","1.7711067199707031","1.7708311080932617","1.7708311080932617","1.7708311080932617","1.694077491760254","1.694077491760254","1.694077491760254","1.771606206893921","1.771606206893921","1.771606206893921"
"47","1.798223853111267","1.798223853111267","1.798223853111267","1.7472800016403198","1.7472800016403198","1.7472800016403198","1.6862285137176514","1.6862285137176514","1.6862285137176514","1.7607877254486084","1.7607877254486084","1.7607877254486084"
"48","1.8146915435791016","1.8146915435791016","1.8146915435791016","1.808006763458252","1.808006763458252","1.808006763458252","1.7600312232971191","1.7600312232971191","1.7600312232971191","1.7731119394302368","1.7731119394302368","1.7731119394302368"
"49","1.7832012176513672","1.7832012176513672","1.7832012176513672","1.7453440427780151","1.7453440427780151","1.7453440427780151","1.7571552991867065","1.7571552991867065","1.7571552991867065","1.7812798023223877","1.7812798023223877","1.7812798023223877"
"50","1.7580952644348145","1.7580952644348145","1.7580952644348145","1.8105721473693848","1.8105721473693848","1.8105721473693848","1.722970962524414","1.722970962524414","1.722970962524414","1.7838739156723022","1.7838739156723022","1.7838739156723022"
"51","1.7833404541015625","1.7833404541015625","1.7833404541015625","1.8094782829284668","1.8094782829284668","1.8094782829284668","1.7655295133590698","1.7655295133590698","1.7655295133590698","1.7673966884613037","1.7673966884613037","1.7673966884613037"
"52","1.7324583530426025","1.7324583530426025","1.7324583530426025","1.7649052143096924","1.7649052143096924","1.7649052143096924","1.7500051259994507","1.7500051259994507","1.7500051259994507","1.7833081483840942","1.7833081483840942","1.7833081483840942"
"53","1.7381315231323242","1.7381315231323242","1.7381315231323242","1.808591365814209","1.808591365814209","1.808591365814209","1.7570242881774902","1.7570242881774902","1.7570242881774902","1.7847546339035034","1.7847546339035034","1.7847546339035034"
"54","1.7168183326721191","1.7168183326721191","1.7168183326721191","1.7890069484710693","1.7890069484710693","1.7890069484710693","1.7012066841125488","1.7012066841125488","1.7012066841125488","1.783966064453125","1.783966064453125","1.783966064453125"
"55","1.7579982280731201","1.7579982280731201","1.7579982280731201","1.7810020446777344","1.7810020446777344","1.7810020446777344","1.7465492486953735","1.7465492486953735","1.7465492486953735","1.7944055795669556","1.7944055795669556","1.7944055795669556"
"56","1.79396390914917","1.79396390914917","1.79396390914917","1.715864896774292","1.715864896774292","1.715864896774292","1.722316026687622","1.722316026687622","1.722316026687622","1.7434654235839844","1.7434654235839844","1.7434654235839844"
"57","1.7856667041778564","1.7856667041778564","1.7856667041778564","1.7960091829299927","1.7960091829299927","1.7960091829299927","1.7597254514694214","1.7597254514694214","1.7597254514694214","1.7917124032974243","1.7917124032974243","1.7917124032974243"
"58","1.784631609916687","1.784631609916687","1.784631609916687","1.7817294597625732","1.7817294597625732","1.7817294597625732","1.6370207071304321","1.6370207071304321","1.6370207071304321","1.7557759284973145","1.7557759284973145","1.7557759284973145"
"59","1.7373658418655396","1.7373658418655396","1.7373658418655396","1.7780110836029053","1.7780110836029053","1.7780110836029053","1.7155780792236328","1.7155780792236328","1.7155780792236328","1.7611196041107178","1.7611196041107178","1.7611196041107178"
"60","1.7648428678512573","1.7648428678512573","1.7648428678512573","1.796370029449463","1.796370029449463","1.796370029449463","1.700992465019226","1.700992465019226","1.700992465019226","1.7792143821716309","1.7792143821716309","1.7792143821716309"
"61","1.813152551651001","1.813152551651001","1.813152551651001","1.8223366737365723","1.8223366737365723","1.8223366737365723","1.7054075002670288","1.7054075002670288","1.7054075002670288","1.779008388519287","1.779008388519287","1.779008388519287"
"62","1.7623211145401","1.7623211145401","1.7623211145401","1.777936339378357","1.777936339378357","1.777936339378357","1.6657631397247314","1.6657631397247314","1.6657631397247314","1.7171413898468018","1.7171413898468018","1.7171413898468018"
"63","1.8217898607254028","1.8217898607254028","1.8217898607254028","1.8008520603179932","1.8008520603179932","1.8008520603179932","1.715295433998108","1.715295433998108","1.715295433998108","1.769202470779419","1.769202470779419","1.769202470779419"
"64","1.7780817747116089","1.7780817747116089","1.7780817747116089","1.7723264694213867","1.7723264694213867","1.7723264694213867","1.66861891746521","1.66861891746521","1.66861891746521","1.7592037916183472","1.7592037916183472","1.7592037916183472"
"65","1.8295161724090576","1.8295161724090576","1.8295161724090576","1.7773537635803223","1.7773537635803223","1.7773537635803223","1.681924819946289","1.681924819946289","1.681924819946289","1.7599332332611084","1.7599332332611084","1.7599332332611084"
"66","1.8116567134857178","1.8116567134857178","1.8116567134857178","1.7453900575637817","1.7453900575637817","1.7453900575637817","1.7639209032058716","1.7639209032058716","1.7639209032058716","1.800536870956421","1.800536870956421","1.800536870956421"
"67","1.7688348293304443","1.7688348293304443","1.7688348293304443","1.7210692167282104","1.7210692167282104","1.7210692167282104","1.7040776014328003","1.7040776014328003","1.7040776014328003","1.7831075191497803","1.7831075191497803","1.7831075191497803"
"68","1.6959311962127686","1.6959311962127686","1.6959311962127686","1.77474045753479","1.77474045753479","1.77474045753479","1.683326244354248","1.683326244354248","1.683326244354248","1.8137205839157104","1.8137205839157104","1.8137205839157104"
"69","1.8127707242965698","1.8127707242965698","1.8127707242965698","1.7806730270385742","1.7806730270385742","1.7806730270385742","1.7867321968078613","1.7867321968078613","1.7867321968078613","1.7862343788146973","1.7862343788146973","1.7862343788146973"
"70","1.8111478090286255","1.8111478090286255","1.8111478090286255","1.7722282409667969","1.7722282409667969","1.7722282409667969","1.7260068655014038","1.7260068655014038","1.7260068655014038","1.5992027521133423","1.5992027521133423","1.5992027521133423"
"71","1.764845609664917","1.764845609664917","1.764845609664917","1.7358442544937134","1.7358442544937134","1.7358442544937134","1.7217154502868652","1.7217154502868652","1.7217154502868652","1.8103282451629639","1.8103282451629639","1.8103282451629639"
"72","1.758931279182434","1.758931279182434","1.758931279182434","1.7610055208206177","1.7610055208206177","1.7610055208206177","1.6889803409576416","1.6889803409576416","1.6889803409576416","1.8044848442077637","1.8044848442077637","1.8044848442077637"
"73","1.7801200151443481","1.7801200151443481","1.7801200151443481","1.7375590801239014","1.7375590801239014","1.7375590801239014","1.732229232788086","1.732229232788086","1.732229232788086","1.767135739326477","1.767135739326477","1.767135739326477"
"74","1.7724660634994507","1.7724660634994507","1.7724660634994507","1.8012375831604004","1.8012375831604004","1.8012375831604004","1.7444558143615723","1.7444558143615723","1.7444558143615723","1.7923868894577026","1.7923868894577026","1.7923868894577026"
"75","1.7621158361434937","1.7621158361434937","1.7621158361434937","1.7737915515899658","1.7737915515899658","1.7737915515899658","1.7307387590408325","1.7307387590408325","1.7307387590408325","1.7899580001831055","1.7899580001831055","1.7899580001831055"
"76","1.7957960367202759","1.7957960367202759","1.7957960367202759","1.746944785118103","1.746944785118103","1.746944785118103","1.718783974647522","1.718783974647522","1.718783974647522","1.7595045566558838","1.7595045566558838","1.7595045566558838"
"77","1.808885097503662","1.808885097503662","1.808885097503662","1.806779384613037","1.806779384613037","1.806779384613037","1.6918795108795166","1.6918795108795166","1.6918795108795166","1.7707715034484863","1.7707715034484863","1.7707715034484863"
"78","1.7508752346038818","1.7508752346038818","1.7508752346038818","1.8022348880767822","1.8022348880767822","1.8022348880767822","1.6991698741912842","1.6991698741912842","1.6991698741912842","1.8117786645889282","1.8117786645889282","1.8117786645889282"
"79","1.8173410892486572","1.8173410892486572","1.8173410892486572","1.7791502475738525","1.7791502475738525","1.7791502475738525","1.7329391241073608","1.7329391241073608","1.7329391241073608","1.7698395252227783","1.7698395252227783","1.7698395252227783"
"80","1.8420978784561157","1.8420978784561157","1.8420978784561157","1.7825926542282104","1.7825926542282104","1.7825926542282104","1.7062320709228516","1.7062320709228516","1.7062320709228516","1.8211538791656494","1.8211538791656494","1.8211538791656494"
"81","1.7725319862365723","1.7725319862365723","1.7725319862365723","1.7252840995788574","1.7252840995788574","1.7252840995788574","1.713173747062683","1.713173747062683","1.713173747062683","1.8211334943771362","1.8211334943771362","1.8211334943771362"
"82","1.7821818590164185","1.7821818590164185","1.7821818590164185","1.824129581451416","1.824129581451416","1.824129581451416","1.7347915172576904","1.7347915172576904","1.7347915172576904","1.7810848951339722","1.7810848951339722","1.7810848951339722"
"83","1.784167766571045","1.784167766571045","1.784167766571045","1.8223150968551636","1.8223150968551636","1.8223150968551636","1.6377174854278564","1.6377174854278564","1.6377174854278564","1.7955981492996216","1.7955981492996216","1.7955981492996216"
"84","1.7909144163131714","1.7909144163131714","1.7909144163131714","1.8028639554977417","1.8028639554977417","1.8028639554977417","1.7672779560089111","1.7672779560089111","1.7672779560089111","1.7645771503448486","1.7645771503448486","1.7645771503448486"
"85","1.8055634498596191","1.8055634498596191","1.8055634498596191","1.7503011226654053","1.7503011226654053","1.7503011226654053","1.7493388652801514","1.7493388652801514","1.7493388652801514","1.796907901763916","1.796907901763916","1.796907901763916"
"86","1.811669111251831","1.811669111251831","1.811669111251831","1.7944315671920776","1.7944315671920776","1.7944315671920776","1.6893882751464844","1.6893882751464844","1.6893882751464844","1.777298927307129","1.777298927307129","1.777298927307129"
"87","1.7752463817596436","1.7752463817596436","1.7752463817596436","1.8111598491668701","1.8111598491668701","1.8111598491668701","1.7618348598480225","1.7618348598480225","1.7618348598480225","1.7980329990386963","1.7980329990386963","1.7980329990386963"
"88","1.8092048168182373","1.8092048168182373","1.8092048168182373","1.7886265516281128","1.7886265516281128","1.7886265516281128","1.7283504009246826","1.7283504009246826","1.7283504009246826","1.7872612476348877","1.7872612476348877","1.7872612476348877"
"89","1.7686917781829834","1.7686917781829834","1.7686917781829834","1.7747552394866943","1.7747552394866943","1.7747552394866943","1.7063521146774292","1.7063521146774292","1.7063521146774292","1.757102608680725","1.757102608680725","1.757102608680725"
"90","1.7935012578964233","1.7935012578964233","1.7935012578964233","1.8212075233459473","1.8212075233459473","1.8212075233459473","1.7161390781402588","1.7161390781402588","1.7161390781402588","1.7717859745025635","1.7717859745025635","1.7717859745025635"
"91","1.7601673603057861","1.7601673603057861","1.7601673603057861","1.8015234470367432","1.8015234470367432","1.8015234470367432","1.7376010417938232","1.7376010417938232","1.7376010417938232","1.796384572982788","1.796384572982788","1.796384572982788"
"92","1.7981921434402466","1.7981921434402466","1.7981921434402466","1.7680549621582031","1.7680549621582031","1.7680549621582031","1.7447577714920044","1.7447577714920044","1.7447577714920044","1.8264816999435425","1.8264816999435425","1.8264816999435425"
"93","1.7745330333709717","1.7745330333709717","1.7745330333709717","1.795683741569519","1.795683741569519","1.795683741569519","1.7359106540679932","1.7359106540679932","1.7359106540679932","1.7765730619430542","1.7765730619430542","1.7765730619430542"
"94","1.7858437299728394","1.7858437299728394","1.7858437299728394","1.7714213132858276","1.7714213132858276","1.7714213132858276","1.6831324100494385","1.6831324100494385","1.6831324100494385","1.8153146505355835","1.8153146505355835","1.8153146505355835"
"95","1.8100192546844482","1.8100192546844482","1.8100192546844482","1.7467689514160156","1.7467689514160156","1.7467689514160156","1.7649378776550293","1.7649378776550293","1.7649378776550293","1.74764084815979","1.74764084815979","1.74764084815979"
"96","1.774596095085144","1.774596095085144","1.774596095085144","1.8027310371398926","1.8027310371398926","1.8027310371398926","1.7576885223388672","1.7576885223388672","1.7576885223388672","1.7586157321929932","1.7586157321929932","1.7586157321929932"
"97","1.8251734972000122","1.8251734972000122","1.8251734972000122","1.828470230102539","1.828470230102539","1.828470230102539","1.7428826093673706","1.7428826093673706","1.7428826093673706","1.7961406707763672","1.7961406707763672","1.7961406707763672"
"98","1.7751989364624023","1.7751989364624023","1.7751989364624023","1.783271312713623","1.783271312713623","1.783271312713623","1.7491227388381958","1.7491227388381958","1.7491227388381958","1.7325900793075562","1.7325900793075562","1.7325900793075562"
"99","1.793623447418213","1.793623447418213","1.793623447418213","1.8017082214355469","1.8017082214355469","1.8017082214355469","1.7266302108764648","1.7266302108764648","1.7266302108764648","1.7940125465393066","1.7940125465393066","1.7940125465393066"
"100","1.7848851680755615","1.7848851680755615","1.7848851680755615","1.7626532316207886","1.7626532316207886","1.7626532316207886","1.7064316272735596","1.7064316272735596","1.7064316272735596","1.7489209175109863","1.7489209175109863","1.7489209175109863"
"101","1.783544659614563","1.783544659614563","1.783544659614563","1.7864463329315186","1.7864463329315186","1.7864463329315186","1.7370522022247314","1.7370522022247314","1.7370522022247314","1.7851011753082275","1.7851011753082275","1.7851011753082275"
"102","1.7996406555175781","1.7996406555175781","1.7996406555175781","1.8012436628341675","1.8012436628341675","1.8012436628341675","1.7159967422485352","1.7159967422485352","1.7159967422485352","1.8222005367279053","1.8222005367279053","1.8222005367279053"
"103","1.8149187564849854","1.8149187564849854","1.8149187564849854","1.7794400453567505","1.7794400453567505","1.7794400453567505","1.6890445947647095","1.6890445947647095","1.6890445947647095","1.7722859382629395","1.7722859382629395","1.7722859382629395"
"104","1.7578259706497192","1.7578259706497192","1.7578259706497192","1.7961595058441162","1.7961595058441162","1.7961595058441162","1.7575793266296387","1.7575793266296387","1.7575793266296387","1.7779757976531982","1.7779757976531982","1.7779757976531982"
"105","1.7780216932296753","1.7780216932296753","1.7780216932296753","1.7703211307525635","1.7703211307525635","1.7703211307525635","1.7360138893127441","1.7360138893127441","1.7360138893127441","1.8214927911758423","1.8214927911758423","1.8214927911758423"
"106","1.821480393409729","1.821480393409729","1.821480393409729","1.74256432056427","1.74256432056427","1.74256432056427","1.744588017463684","1.744588017463684","1.744588017463684","1.7780632972717285","1.7780632972717285","1.7780632972717285"
"107","1.7908008098602295","1.7908008098602295","1.7908008098602295","1.8055105209350586","1.8055105209350586","1.8055105209350586","1.651822566986084","1.651822566986084","1.651822566986084","1.7749488353729248","1.7749488353729248","1.7749488353729248"
"108","1.8226890563964844","1.8226890563964844","1.8226890563964844","1.8076874017715454","1.8076874017715454","1.8076874017715454","1.7265807390213013","1.7265807390213013","1.7265807390213013","1.8344511985778809","1.8344511985778809","1.8344511985778809"
"109","1.7734671831130981","1.7734671831130981","1.7734671831130981","1.8160960674285889","1.8160960674285889","1.8160960674285889","1.7416408061981201","1.7416408061981201","1.7416408061981201","1.8048590421676636","1.8048590421676636","1.8048590421676636"
"110","1.817264199256897","1.817264199256897","1.817264199256897","1.798630714416504","1.798630714416504","1.798630714416504","1.7621945142745972","1.7621945142745972","1.7621945142745972","1.7929774522781372","1.7929774522781372","1.7929774522781372"
"111","1.8145170211791992","1.8145170211791992","1.8145170211791992","1.7680543661117554","1.7680543661117554","1.7680543661117554","1.781073808670044","1.781073808670044","1.781073808670044","1.7851345539093018","1.7851345539093018","1.7851345539093018"
"112","1.7864420413970947","1.7864420413970947","1.7864420413970947","1.7814171314239502","1.7814171314239502","1.7814171314239502","1.7655384540557861","1.7655384540557861","1.7655384540557861","1.820553183555603","1.820553183555603","1.820553183555603"
"113","1.773481845855713","1.773481845855713","1.773481845855713","1.7596302032470703","1.7596302032470703","1.7596302032470703","1.6217926740646362","1.6217926740646362","1.6217926740646362","1.7920761108398438","1.7920761108398438","1.7920761108398438"
"114","1.799440622329712","1.799440622329712","1.799440622329712","1.7509464025497437","1.7509464025497437","1.7509464025497437","1.7238471508026123","1.7238471508026123","1.7238471508026123","1.7814040184020996","1.7814040184020996","1.7814040184020996"
"115","1.8039746284484863","1.8039746284484863","1.8039746284484863","1.805833101272583","1.805833101272583","1.805833101272583","1.7296522855758667","1.7296522855758667","1.7296522855758667","1.8092806339263916","1.8092806339263916","1.8092806339263916"
"116","1.762142300605774","1.762142300605774","1.762142300605774","1.7715861797332764","1.7715861797332764","1.7715861797332764","1.7656800746917725","1.7656800746917725","1.7656800746917725","1.780391812324524","1.780391812324524","1.780391812324524"
"117","1.803696870803833","1.803696870803833","1.803696870803833","1.7864930629730225","1.7864930629730225","1.7864930629730225","1.765852689743042","1.765852689743042","1.765852689743042","1.8000863790512085","1.8000863790512085","1.8000863790512085"
"118","1.8385361433029175","1.8385361433029175","1.8385361433029175","1.8056187629699707","1.8056187629699707","1.8056187629699707","1.726979374885559","1.726979374885559","1.726979374885559","1.817446231842041","1.817446231842041","1.817446231842041"
"119","1.8013997077941895","1.8013997077941895","1.8013997077941895","1.7757577896118164","1.7757577896118164","1.7757577896118164","1.6940093040466309","1.6940093040466309","1.6940093040466309","1.794387936592102","1.794387936592102","1.794387936592102"
"120","1.7678438425064087","1.7678438425064087","1.7678438425064087","1.805124282836914","1.805124282836914","1.805124282836914","1.7448394298553467","1.7448394298553467","1.7448394298553467","1.82724928855896","1.82724928855896","1.82724928855896"
"121","1.7749767303466797","1.7749767303466797","1.7749767303466797","1.785745620727539","1.785745620727539","1.785745620727539","1.7668756246566772","1.7668756246566772","1.7668756246566772","1.7838220596313477","1.7838220596313477","1.7838220596313477"
"122","1.8228604793548584","1.8228604793548584","1.8228604793548584","1.7894783020019531","1.7894783020019531","1.7894783020019531","1.6837013959884644","1.6837013959884644","1.6837013959884644","1.7754660844802856","1.7754660844802856","1.7754660844802856"
"123","1.7702828645706177","1.7702828645706177","1.7702828645706177","1.818642497062683","1.818642497062683","1.818642497062683","1.708874225616455","1.708874225616455","1.708874225616455","1.7819651365280151","1.7819651365280151","1.7819651365280151"
"124","1.780277967453003","1.780277967453003","1.780277967453003","1.7729648351669312","1.7729648351669312","1.7729648351669312","1.7823452949523926","1.7823452949523926","1.7823452949523926","1.7944252490997314","1.7944252490997314","1.7944252490997314"
"125","1.7641628980636597","1.7641628980636597","1.7641628980636597","1.8130745887756348","1.8130745887756348","1.8130745887756348","1.7547118663787842","1.7547118663787842","1.7547118663787842","1.8136816024780273","1.8136816024780273","1.8136816024780273"
"126","1.7864820957183838","1.7864820957183838","1.7864820957183838","1.7985706329345703","1.7985706329345703","1.7985706329345703","1.769749641418457","1.769749641418457","1.769749641418457","1.7601773738861084","1.7601773738861084","1.7601773738861084"
"127","1.7308967113494873","1.7308967113494873","1.7308967113494873","1.8091397285461426","1.8091397285461426","1.8091397285461426","1.7214057445526123","1.7214057445526123","1.7214057445526123","1.790598750114441","1.790598750114441","1.790598750114441"
"128","1.7968761920928955","1.7968761920928955","1.7968761920928955","1.7979743480682373","1.7979743480682373","1.7979743480682373","1.7581496238708496","1.7581496238708496","1.7581496238708496","1.7604155540466309","1.7604155540466309","1.7604155540466309"
"129","1.7869117259979248","1.7869117259979248","1.7869117259979248","1.7664783000946045","1.7664783000946045","1.7664783000946045","1.7213754653930664","1.7213754653930664","1.7213754653930664","1.7911581993103027","1.7911581993103027","1.7911581993103027"
"130","1.802978277206421","1.802978277206421","1.802978277206421","1.7889593839645386","1.7889593839645386","1.7889593839645386","1.7057517766952515","1.7057517766952515","1.7057517766952515","1.7407636642456055","1.7407636642456055","1.7407636642456055"
"131","1.7597020864486694","1.7597020864486694","1.7597020864486694","1.8298577070236206","1.8298577070236206","1.8298577070236206","1.7662909030914307","1.7662909030914307","1.7662909030914307","1.836134433746338","1.836134433746338","1.836134433746338"
"132","1.8099730014801025","1.8099730014801025","1.8099730014801025","1.8361661434173584","1.8361661434173584","1.8361661434173584","1.661158800125122","1.661158800125122","1.661158800125122","1.7450568675994873","1.7450568675994873","1.7450568675994873"
"133","1.7878897190093994","1.7878897190093994","1.7878897190093994","1.7767610549926758","1.7767610549926758","1.7767610549926758","1.7548178434371948","1.7548178434371948","1.7548178434371948","1.757555603981018","1.757555603981018","1.757555603981018"
"134","1.7909128665924072","1.7909128665924072","1.7909128665924072","1.791833758354187","1.791833758354187","1.791833758354187","1.7354364395141602","1.7354364395141602","1.7354364395141602","1.7689054012298584","1.7689054012298584","1.7689054012298584"
"135","1.7875900268554688","1.7875900268554688","1.7875900268554688","1.7817232608795166","1.7817232608795166","1.7817232608795166","1.6734247207641602","1.6734247207641602","1.6734247207641602","1.7563233375549316","1.7563233375549316","1.7563233375549316"
"136","1.7356483936309814","1.7356483936309814","1.7356483936309814","1.7881717681884766","1.7881717681884766","1.7881717681884766","1.680793046951294","1.680793046951294","1.680793046951294","1.7872729301452637","1.7872729301452637","1.7872729301452637"
"137","1.8206249475479126","1.8206249475479126","1.8206249475479126","1.8073745965957642","1.8073745965957642","1.8073745965957642","1.742759108543396","1.742759108543396","1.742759108543396","1.8191261291503906","1.8191261291503906","1.8191261291503906"
"138","1.8222041130065918","1.8222041130065918","1.8222041130065918","1.7874970436096191","1.7874970436096191","1.7874970436096191","1.7030080556869507","1.7030080556869507","1.7030080556869507","1.8319783210754395","1.8319783210754395","1.8319783210754395"
"139","1.830692172050476","1.830692172050476","1.830692172050476","1.82914137840271","1.82914137840271","1.82914137840271","1.757380723953247","1.757380723953247","1.757380723953247","1.7822545766830444","1.7822545766830444","1.7822545766830444"
"140","1.7890779972076416","1.7890779972076416","1.7890779972076416","1.7560844421386719","1.7560844421386719","1.7560844421386719","1.6644799709320068","1.6644799709320068","1.6644799709320068","1.7995539903640747","1.7995539903640747","1.7995539903640747"
"141","1.816696286201477","1.816696286201477","1.816696286201477","1.7660678625106812","1.7660678625106812","1.7660678625106812","1.7535686492919922","1.7535686492919922","1.7535686492919922","1.8068395853042603","1.8068395853042603","1.8068395853042603"
"142","1.8129159212112427","1.8129159212112427","1.8129159212112427","1.8213006258010864","1.8213006258010864","1.8213006258010864","1.7618141174316406","1.7618141174316406","1.7618141174316406","1.8211519718170166","1.8211519718170166","1.8211519718170166"
"143","1.7897334098815918","1.7897334098815918","1.7897334098815918","1.8348637819290161","1.8348637819290161","1.8348637819290161","1.727091908454895","1.727091908454895","1.727091908454895","1.7828519344329834","1.7828519344329834","1.7828519344329834"
"144","1.788656234741211","1.788656234741211","1.788656234741211","1.8001105785369873","1.8001105785369873","1.8001105785369873","1.7433910369873047","1.7433910369873047","1.7433910369873047","1.7811369895935059","1.7811369895935059","1.7811369895935059"
"145","1.8025761842727661","1.8025761842727661","1.8025761842727661","1.822845458984375","1.822845458984375","1.822845458984375","1.7447736263275146","1.7447736263275146","1.7447736263275146","1.7825126647949219","1.7825126647949219","1.7825126647949219"
"146","1.7617881298065186","1.7617881298065186","1.7617881298065186","1.7530884742736816","1.7530884742736816","1.7530884742736816","1.725002646446228","1.725002646446228","1.725002646446228","1.7999849319458008","1.7999849319458008","1.7999849319458008"
"147","1.792448878288269","1.792448878288269","1.792448878288269","1.785285234451294","1.785285234451294","1.785285234451294","1.775032877922058","1.775032877922058","1.775032877922058","1.8153564929962158","1.8153564929962158","1.8153564929962158"
"148","1.8150808811187744","1.8150808811187744","1.8150808811187744","1.8267687559127808","1.8267687559127808","1.8267687559127808","1.764819860458374","1.764819860458374","1.764819860458374","1.8084187507629395","1.8084187507629395","1.8084187507629395"
"149","1.7799489498138428","1.7799489498138428","1.7799489498138428","1.7775306701660156","1.7775306701660156","1.7775306701660156","1.7892498970031738","1.7892498970031738","1.7892498970031738","1.7825427055358887","1.7825427055358887","1.7825427055358887"
"150","1.822251796722412","1.822251796722412","1.822251796722412","1.7646534442901611","1.7646534442901611","1.7646534442901611","1.7202270030975342","1.7202270030975342","1.7202270030975342","1.7430627346038818","1.7430627346038818","1.7430627346038818"
"151","1.8084299564361572","1.8084299564361572","1.8084299564361572","1.7606233358383179","1.7606233358383179","1.7606233358383179","1.7283556461334229","1.7283556461334229","1.7283556461334229","1.7506661415100098","1.7506661415100098","1.7506661415100098"
"152","1.8521983623504639","1.8521983623504639","1.8521983623504639","1.795348882675171","1.795348882675171","1.795348882675171","1.7313787937164307","1.7313787937164307","1.7313787937164307","1.8241639137268066","1.8241639137268066","1.8241639137268066"
"153","1.823789119720459","1.823789119720459","1.823789119720459","1.793804407119751","1.793804407119751","1.793804407119751","1.6870863437652588","1.6870863437652588","1.6870863437652588","1.8050193786621094","1.8050193786621094","1.8050193786621094"
"154","1.7960821390151978","1.7960821390151978","1.7960821390151978","1.8074352741241455","1.8074352741241455","1.8074352741241455","1.7808936834335327","1.7808936834335327","1.7808936834335327","1.8430250883102417","1.8430250883102417","1.8430250883102417"
"155","1.789599895477295","1.789599895477295","1.789599895477295","1.7545596361160278","1.7545596361160278","1.7545596361160278","1.7500762939453125","1.7500762939453125","1.7500762939453125","1.8276169300079346","1.8276169300079346","1.8276169300079346"
"156","1.8023936748504639","1.8023936748504639","1.8023936748504639","1.8011857271194458","1.8011857271194458","1.8011857271194458","1.7356626987457275","1.7356626987457275","1.7356626987457275","1.7925124168395996","1.7925124168395996","1.7925124168395996"
"157","1.7870779037475586","1.7870779037475586","1.7870779037475586","1.8326797485351562","1.8326797485351562","1.8326797485351562","1.7315157651901245","1.7315157651901245","1.7315157651901245","1.7850027084350586","1.7850027084350586","1.7850027084350586"
"158","1.8133447170257568","1.8133447170257568","1.8133447170257568","1.7620229721069336","1.7620229721069336","1.7620229721069336","1.7501955032348633","1.7501955032348633","1.7501955032348633","1.7944321632385254","1.7944321632385254","1.7944321632385254"
"159","1.7725441455841064","1.7725441455841064","1.7725441455841064","1.8066816329956055","1.8066816329956055","1.8066816329956055","1.7013189792633057","1.7013189792633057","1.7013189792633057","1.7557297945022583","1.7557297945022583","1.7557297945022583"
"160","1.823534607887268","1.823534607887268","1.823534607887268","1.7830020189285278","1.7830020189285278","1.7830020189285278","1.6984764337539673","1.6984764337539673","1.6984764337539673","1.7531566619873047","1.7531566619873047","1.7531566619873047"
"161","1.7307617664337158","1.7307617664337158","1.7307617664337158","1.746177077293396","1.746177077293396","1.746177077293396","1.7590394020080566","1.7590394020080566","1.7590394020080566","1.8080132007598877","1.8080132007598877","1.8080132007598877"
"162","1.8153345584869385","1.8153345584869385","1.8153345584869385","1.7649694681167603","1.7649694681167603","1.7649694681167603","1.766095519065857","1.766095519065857","1.766095519065857","1.766400694847107","1.766400694847107","1.766400694847107"
"163","1.7471808195114136","1.7471808195114136","1.7471808195114136","1.827889323234558","1.827889323234558","1.827889323234558","1.7273471355438232","1.7273471355438232","1.7273471355438232","1.792073130607605","1.792073130607605","1.792073130607605"
"164","1.78122878074646","1.78122878074646","1.78122878074646","1.8045610189437866","1.8045610189437866","1.8045610189437866","1.7463719844818115","1.7463719844818115","1.7463719844818115","1.8047983646392822","1.8047983646392822","1.8047983646392822"
"165","1.7876427173614502","1.7876427173614502","1.7876427173614502","1.8145865201950073","1.8145865201950073","1.8145865201950073","1.7183845043182373","1.7183845043182373","1.7183845043182373","1.8164088726043701","1.8164088726043701","1.8164088726043701"
"166","1.7693766355514526","1.7693766355514526","1.7693766355514526","1.7350051403045654","1.7350051403045654","1.7350051403045654","1.773595929145813","1.773595929145813","1.773595929145813","1.781311273574829","1.781311273574829","1.781311273574829"
"167","1.8016650676727295","1.8016650676727295","1.8016650676727295","1.7644675970077515","1.7644675970077515","1.7644675970077515","1.732376217842102","1.732376217842102","1.732376217842102","1.7798211574554443","1.7798211574554443","1.7798211574554443"
"168","1.7893486022949219","1.7893486022949219","1.7893486022949219","1.8110108375549316","1.8110108375549316","1.8110108375549316","1.737402319908142","1.737402319908142","1.737402319908142","1.8094056844711304","1.8094056844711304","1.8094056844711304"
"169","1.8140636682510376","1.8140636682510376","1.8140636682510376","1.8157819509506226","1.8157819509506226","1.8157819509506226","1.759956955909729","1.759956955909729","1.759956955909729","1.8097805976867676","1.8097805976867676","1.8097805976867676"
"170","1.8260120153427124","1.8260120153427124","1.8260120153427124","1.8037264347076416","1.8037264347076416","1.8037264347076416","1.794425368309021","1.794425368309021","1.794425368309021","1.7925224304199219","1.7925224304199219","1.7925224304199219"
"171","1.8239142894744873","1.8239142894744873","1.8239142894744873","1.8114867210388184","1.8114867210388184","1.8114867210388184","1.7688004970550537","1.7688004970550537","1.7688004970550537","1.7940866947174072","1.7940866947174072","1.7940866947174072"
"172","1.8215382099151611","1.8215382099151611","1.8215382099151611","1.82530677318573","1.82530677318573","1.82530677318573","1.779369831085205","1.779369831085205","1.779369831085205","1.745560646057129","1.745560646057129","1.745560646057129"
"173","1.790122151374817","1.790122151374817","1.790122151374817","1.8039438724517822","1.8039438724517822","1.8039438724517822","1.7972620725631714","1.7972620725631714","1.7972620725631714","1.7563462257385254","1.7563462257385254","1.7563462257385254"
"174","1.7914183139801025","1.7914183139801025","1.7914183139801025","1.7625970840454102","1.7625970840454102","1.7625970840454102","1.7704639434814453","1.7704639434814453","1.7704639434814453","1.7870676517486572","1.7870676517486572","1.7870676517486572"
"175","1.751682996749878","1.751682996749878","1.751682996749878","1.7619534730911255","1.7619534730911255","1.7619534730911255","1.7822730541229248","1.7822730541229248","1.7822730541229248","1.8248231410980225","1.8248231410980225","1.8248231410980225"
"176","1.7878035306930542","1.7878035306930542","1.7878035306930542","1.8270378112792969","1.8270378112792969","1.8270378112792969","1.763287901878357","1.763287901878357","1.763287901878357","1.8466989994049072","1.8466989994049072","1.8466989994049072"
"177","1.8290220499038696","1.8290220499038696","1.8290220499038696","1.7988660335540771","1.7988660335540771","1.7988660335540771","1.697117567062378","1.697117567062378","1.697117567062378","1.818135380744934","1.818135380744934","1.818135380744934"
"178","1.802670955657959","1.802670955657959","1.802670955657959","1.7951853275299072","1.7951853275299072","1.7951853275299072","1.7154698371887207","1.7154698371887207","1.7154698371887207","1.8254250288009644","1.8254250288009644","1.8254250288009644"
"179","1.840802550315857","1.840802550315857","1.840802550315857","1.7667477130889893","1.7667477130889893","1.7667477130889893","1.7406458854675293","1.7406458854675293","1.7406458854675293","1.8239424228668213","1.8239424228668213","1.8239424228668213"
"180","1.836426854133606","1.836426854133606","1.836426854133606","1.760955810546875","1.760955810546875","1.760955810546875","1.685861349105835","1.685861349105835","1.685861349105835","1.8389859199523926","1.8389859199523926","1.8389859199523926"
"181","1.8213350772857666","1.8213350772857666","1.8213350772857666","1.8208664655685425","1.8208664655685425","1.8208664655685425","1.739744782447815","1.739744782447815","1.739744782447815","1.802464246749878","1.802464246749878","1.802464246749878"
"182","1.8303027153015137","1.8303027153015137","1.8303027153015137","1.7881191968917847","1.7881191968917847","1.7881191968917847","1.7305612564086914","1.7305612564086914","1.7305612564086914","1.7854353189468384","1.7854353189468384","1.7854353189468384"
"183","1.7649638652801514","1.7649638652801514","1.7649638652801514","1.7735154628753662","1.7735154628753662","1.7735154628753662","1.6397488117218018","1.6397488117218018","1.6397488117218018","1.8405616283416748","1.8405616283416748","1.8405616283416748"
"184","1.7880855798721313","1.7880855798721313","1.7880855798721313","1.8073687553405762","1.8073687553405762","1.8073687553405762","1.7491358518600464","1.7491358518600464","1.7491358518600464","1.8257254362106323","1.8257254362106323","1.8257254362106323"
"185","1.75623619556427","1.75623619556427","1.75623619556427","1.791148066520691","1.791148066520691","1.791148066520691","1.7366690635681152","1.7366690635681152","1.7366690635681152","1.7936995029449463","1.7936995029449463","1.7936995029449463"
"186","1.8086113929748535","1.8086113929748535","1.8086113929748535","1.8316843509674072","1.8316843509674072","1.8316843509674072","1.742566466331482","1.742566466331482","1.742566466331482","1.7852535247802734","1.7852535247802734","1.7852535247802734"
"187","1.8152885437011719","1.8152885437011719","1.8152885437011719","1.8516792058944702","1.8516792058944702","1.8516792058944702","1.7371611595153809","1.7371611595153809","1.7371611595153809","1.8207337856292725","1.8207337856292725","1.8207337856292725"
"188","1.7532830238342285","1.7532830238342285","1.7532830238342285","1.768817663192749","1.768817663192749","1.768817663192749","1.744632601737976","1.744632601737976","1.744632601737976","1.8000680208206177","1.8000680208206177","1.8000680208206177"
"189","1.8316993713378906","1.8316993713378906","1.8316993713378906","1.7930337190628052","1.7930337190628052","1.7930337190628052","1.7545599937438965","1.7545599937438965","1.7545599937438965","1.8178975582122803","1.8178975582122803","1.8178975582122803"
"190","1.811699390411377","1.811699390411377","1.811699390411377","1.7286524772644043","1.7286524772644043","1.7286524772644043","1.7060834169387817","1.7060834169387817","1.7060834169387817","1.7472078800201416","1.7472078800201416","1.7472078800201416"
"191","1.7923692464828491","1.7923692464828491","1.7923692464828491","1.8074229955673218","1.8074229955673218","1.8074229955673218","1.7464714050292969","1.7464714050292969","1.7464714050292969","1.8200817108154297","1.8200817108154297","1.8200817108154297"
"192","1.7682805061340332","1.7682805061340332","1.7682805061340332","1.813538908958435","1.813538908958435","1.813538908958435","1.7729437351226807","1.7729437351226807","1.7729437351226807","1.8174407482147217","1.8174407482147217","1.8174407482147217"
"193","1.7732523679733276","1.7732523679733276","1.7732523679733276","1.7927817106246948","1.7927817106246948","1.7927817106246948","1.7450053691864014","1.7450053691864014","1.7450053691864014","1.7493418455123901","1.7493418455123901","1.7493418455123901"
"194","1.7696257829666138","1.7696257829666138","1.7696257829666138","1.801357626914978","1.801357626914978","1.801357626914978","1.7416998147964478","1.7416998147964478","1.7416998147964478","1.8458623886108398","1.8458623886108398","1.8458623886108398"
"195","1.7746946811676025","1.7746946811676025","1.7746946811676025","1.7781095504760742","1.7781095504760742","1.7781095504760742","1.7020692825317383","1.7020692825317383","1.7020692825317383","1.7912319898605347","1.7912319898605347","1.7912319898605347"
"196","1.7751251459121704","1.7751251459121704","1.7751251459121704","1.8004050254821777","1.8004050254821777","1.8004050254821777","1.7195351123809814","1.7195351123809814","1.7195351123809814","1.8342678546905518","1.8342678546905518","1.8342678546905518"
"197","1.8220832347869873","1.8220832347869873","1.8220832347869873","1.7965654134750366","1.7965654134750366","1.7965654134750366","1.725813865661621","1.725813865661621","1.725813865661621","1.776737093925476","1.776737093925476","1.776737093925476"
"198","1.8002049922943115","1.8002049922943115","1.8002049922943115","1.8031775951385498","1.8031775951385498","1.8031775951385498","1.7634754180908203","1.7634754180908203","1.7634754180908203","1.7958154678344727","1.7958154678344727","1.7958154678344727"
"199","1.7917935848236084","1.7917935848236084","1.7917935848236084","1.8159918785095215","1.8159918785095215","1.8159918785095215","1.6817777156829834","1.6817777156829834","1.6817777156829834","1.7448322772979736","1.7448322772979736","1.7448322772979736"
