"Step","token_ablation - small - 50 - Train Loss","token_ablation - small - 50 - Train Loss__MIN","token_ablation - small - 50 - Train Loss__MAX","token_ablation - small - 20 - Train Loss","token_ablation - small - 20 - Train Loss__MIN","token_ablation - small - 20 - Train Loss__MAX","token_ablation - small - 1 - Train Loss","token_ablation - small - 1 - Train Loss__MIN","token_ablation - small - 1 - Train Loss__MAX","token_ablation - small - 10 - Train Loss","token_ablation - small - 10 - Train Loss__MIN","token_ablation - small - 10 - Train Loss__MAX"
"0","0.3645974397659302","0.3645974397659302","0.3645974397659302","0.9127503037452698","0.9127503037452698","0.9127503037452698","1.1172940731048584","1.1172940731048584","1.1172940731048584","1.0383872985839844","1.0383872985839844","1.0383872985839844"
"1","0.45889177918434143","0.45889177918434143","0.45889177918434143","1.0876553058624268","1.0876553058624268","1.0876553058624268","1.0855638980865479","1.0855638980865479","1.0855638980865479","1.0761234760284424","1.0761234760284424","1.0761234760284424"
"2","0.673249363899231","0.673249363899231","0.673249363899231","1.2187602519989014","1.2187602519989014","1.2187602519989014","1.2672085762023926","1.2672085762023926","1.2672085762023926","1.050584316253662","1.050584316253662","1.050584316253662"
"3","1.2091118097305298","1.2091118097305298","1.2091118097305298","1.2812697887420654","1.2812697887420654","1.2812697887420654","1.1538078784942627","1.1538078784942627","1.1538078784942627","1.1506304740905762","1.1506304740905762","1.1506304740905762"
"4","1.3529019355773926","1.3529019355773926","1.3529019355773926","1.4790451526641846","1.4790451526641846","1.4790451526641846","1.1887954473495483","1.1887954473495483","1.1887954473495483","1.0875067710876465","1.0875067710876465","1.0875067710876465"
"5","1.5647668838500977","1.5647668838500977","1.5647668838500977","1.5722031593322754","1.5722031593322754","1.5722031593322754","1.1602286100387573","1.1602286100387573","1.1602286100387573","1.1951072216033936","1.1951072216033936","1.1951072216033936"
"6","1.5718730688095093","1.5718730688095093","1.5718730688095093","1.6226346492767334","1.6226346492767334","1.6226346492767334","1.380135178565979","1.380135178565979","1.380135178565979","1.1178025007247925","1.1178025007247925","1.1178025007247925"
"7","1.580104947090149","1.580104947090149","1.580104947090149","1.5886123180389404","1.5886123180389404","1.5886123180389404","1.2289942502975464","1.2289942502975464","1.2289942502975464","1.1755006313323975","1.1755006313323975","1.1755006313323975"
"8","1.546535849571228","1.546535849571228","1.546535849571228","1.6180813312530518","1.6180813312530518","1.6180813312530518","1.2623765468597412","1.2623765468597412","1.2623765468597412","1.3018203973770142","1.3018203973770142","1.3018203973770142"
"9","1.6342679262161255","1.6342679262161255","1.6342679262161255","1.6057003736495972","1.6057003736495972","1.6057003736495972","1.248275876045227","1.248275876045227","1.248275876045227","1.259133219718933","1.259133219718933","1.259133219718933"
"10","1.6284366846084595","1.6284366846084595","1.6284366846084595","1.6327252388000488","1.6327252388000488","1.6327252388000488","1.2762291431427002","1.2762291431427002","1.2762291431427002","1.4265565872192383","1.4265565872192383","1.4265565872192383"
"11","1.6166306734085083","1.6166306734085083","1.6166306734085083","1.6987833976745605","1.6987833976745605","1.6987833976745605","1.3140933513641357","1.3140933513641357","1.3140933513641357","1.1881325244903564","1.1881325244903564","1.1881325244903564"
"12","1.631340742111206","1.631340742111206","1.631340742111206","1.6634936332702637","1.6634936332702637","1.6634936332702637","1.410945177078247","1.410945177078247","1.410945177078247","1.3455476760864258","1.3455476760864258","1.3455476760864258"
"13","1.7523539066314697","1.7523539066314697","1.7523539066314697","1.6995892524719238","1.6995892524719238","1.6995892524719238","1.3491244316101074","1.3491244316101074","1.3491244316101074","1.4407564401626587","1.4407564401626587","1.4407564401626587"
"14","1.6741085052490234","1.6741085052490234","1.6741085052490234","1.7037115097045898","1.7037115097045898","1.7037115097045898","1.4005117416381836","1.4005117416381836","1.4005117416381836","1.44418466091156","1.44418466091156","1.44418466091156"
"15","1.7320449352264404","1.7320449352264404","1.7320449352264404","1.759095311164856","1.759095311164856","1.759095311164856","1.4218083620071411","1.4218083620071411","1.4218083620071411","1.4583916664123535","1.4583916664123535","1.4583916664123535"
"16","1.7121610641479492","1.7121610641479492","1.7121610641479492","1.7183160781860352","1.7183160781860352","1.7183160781860352","1.4784305095672607","1.4784305095672607","1.4784305095672607","1.6296038627624512","1.6296038627624512","1.6296038627624512"
"17","1.7665107250213623","1.7665107250213623","1.7665107250213623","1.712127685546875","1.712127685546875","1.712127685546875","1.4697864055633545","1.4697864055633545","1.4697864055633545","1.6531927585601807","1.6531927585601807","1.6531927585601807"
"18","1.6914030313491821","1.6914030313491821","1.6914030313491821","1.7266793251037598","1.7266793251037598","1.7266793251037598","1.5641095638275146","1.5641095638275146","1.5641095638275146","1.562712550163269","1.562712550163269","1.562712550163269"
"19","1.7848725318908691","1.7848725318908691","1.7848725318908691","1.6721258163452148","1.6721258163452148","1.6721258163452148","1.5895649194717407","1.5895649194717407","1.5895649194717407","1.5892378091812134","1.5892378091812134","1.5892378091812134"
"20","1.7780052423477173","1.7780052423477173","1.7780052423477173","1.7201894521713257","1.7201894521713257","1.7201894521713257","1.5236971378326416","1.5236971378326416","1.5236971378326416","1.5775755643844604","1.5775755643844604","1.5775755643844604"
"21","1.7141461372375488","1.7141461372375488","1.7141461372375488","1.7161024808883667","1.7161024808883667","1.7161024808883667","1.5262778997421265","1.5262778997421265","1.5262778997421265","1.5502955913543701","1.5502955913543701","1.5502955913543701"
"22","1.7869236469268799","1.7869236469268799","1.7869236469268799","1.7479994297027588","1.7479994297027588","1.7479994297027588","1.5724856853485107","1.5724856853485107","1.5724856853485107","1.6381161212921143","1.6381161212921143","1.6381161212921143"
"23","1.7662947177886963","1.7662947177886963","1.7662947177886963","1.775237798690796","1.775237798690796","1.775237798690796","1.5163192749023438","1.5163192749023438","1.5163192749023438","1.6273071765899658","1.6273071765899658","1.6273071765899658"
"24","1.7484312057495117","1.7484312057495117","1.7484312057495117","1.763013482093811","1.763013482093811","1.763013482093811","1.5882030725479126","1.5882030725479126","1.5882030725479126","1.720792531967163","1.720792531967163","1.720792531967163"
"25","1.7858154773712158","1.7858154773712158","1.7858154773712158","1.6675078868865967","1.6675078868865967","1.6675078868865967","1.5120984315872192","1.5120984315872192","1.5120984315872192","1.6430041790008545","1.6430041790008545","1.6430041790008545"
"26","1.8051613569259644","1.8051613569259644","1.8051613569259644","1.7785024642944336","1.7785024642944336","1.7785024642944336","1.6120779514312744","1.6120779514312744","1.6120779514312744","1.6942408084869385","1.6942408084869385","1.6942408084869385"
"27","1.745710015296936","1.745710015296936","1.745710015296936","1.7827732563018799","1.7827732563018799","1.7827732563018799","1.6961479187011719","1.6961479187011719","1.6961479187011719","1.6611742973327637","1.6611742973327637","1.6611742973327637"
"28","1.7741416692733765","1.7741416692733765","1.7741416692733765","1.7610771656036377","1.7610771656036377","1.7610771656036377","1.6446864604949951","1.6446864604949951","1.6446864604949951","1.617433786392212","1.617433786392212","1.617433786392212"
"29","1.7873539924621582","1.7873539924621582","1.7873539924621582","1.8128550052642822","1.8128550052642822","1.8128550052642822","1.61626398563385","1.61626398563385","1.61626398563385","1.6028048992156982","1.6028048992156982","1.6028048992156982"
"30","1.7443053722381592","1.7443053722381592","1.7443053722381592","1.7475063800811768","1.7475063800811768","1.7475063800811768","1.6393821239471436","1.6393821239471436","1.6393821239471436","1.6570889949798584","1.6570889949798584","1.6570889949798584"
"31","1.731903076171875","1.731903076171875","1.731903076171875","1.7362892627716064","1.7362892627716064","1.7362892627716064","1.6385031938552856","1.6385031938552856","1.6385031938552856","1.6448220014572144","1.6448220014572144","1.6448220014572144"
"32","1.728128433227539","1.728128433227539","1.728128433227539","1.7901935577392578","1.7901935577392578","1.7901935577392578","1.6228675842285156","1.6228675842285156","1.6228675842285156","1.6844160556793213","1.6844160556793213","1.6844160556793213"
"33","1.6717164516448975","1.6717164516448975","1.6717164516448975","1.7583301067352295","1.7583301067352295","1.7583301067352295","1.607224702835083","1.607224702835083","1.607224702835083","1.6264045238494873","1.6264045238494873","1.6264045238494873"
"34","1.8032138347625732","1.8032138347625732","1.8032138347625732","1.7677137851715088","1.7677137851715088","1.7677137851715088","1.6810870170593262","1.6810870170593262","1.6810870170593262","1.7122479677200317","1.7122479677200317","1.7122479677200317"
"35","1.786806344985962","1.786806344985962","1.786806344985962","1.7948932647705078","1.7948932647705078","1.7948932647705078","1.7342989444732666","1.7342989444732666","1.7342989444732666","1.694967269897461","1.694967269897461","1.694967269897461"
"36","1.8106862306594849","1.8106862306594849","1.8106862306594849","1.728484034538269","1.728484034538269","1.728484034538269","1.6775685548782349","1.6775685548782349","1.6775685548782349","1.7082771062850952","1.7082771062850952","1.7082771062850952"
"37","1.757385015487671","1.757385015487671","1.757385015487671","1.8024049997329712","1.8024049997329712","1.8024049997329712","1.6639512777328491","1.6639512777328491","1.6639512777328491","1.650244116783142","1.650244116783142","1.650244116783142"
"38","1.7980070114135742","1.7980070114135742","1.7980070114135742","1.7706577777862549","1.7706577777862549","1.7706577777862549","1.5944933891296387","1.5944933891296387","1.5944933891296387","1.723028302192688","1.723028302192688","1.723028302192688"
"39","1.7645745277404785","1.7645745277404785","1.7645745277404785","1.7726926803588867","1.7726926803588867","1.7726926803588867","1.6973752975463867","1.6973752975463867","1.6973752975463867","1.748286485671997","1.748286485671997","1.748286485671997"
"40","1.791992425918579","1.791992425918579","1.791992425918579","1.7626662254333496","1.7626662254333496","1.7626662254333496","1.646423101425171","1.646423101425171","1.646423101425171","1.6891181468963623","1.6891181468963623","1.6891181468963623"
"41","1.778788685798645","1.778788685798645","1.778788685798645","1.7031993865966797","1.7031993865966797","1.7031993865966797","1.685730218887329","1.685730218887329","1.685730218887329","1.753551721572876","1.753551721572876","1.753551721572876"
"42","1.768181324005127","1.768181324005127","1.768181324005127","1.7337546348571777","1.7337546348571777","1.7337546348571777","1.66066312789917","1.66066312789917","1.66066312789917","1.7206194400787354","1.7206194400787354","1.7206194400787354"
"43","1.7997002601623535","1.7997002601623535","1.7997002601623535","1.791386365890503","1.791386365890503","1.791386365890503","1.703980803489685","1.703980803489685","1.703980803489685","1.7580227851867676","1.7580227851867676","1.7580227851867676"
"44","1.8207671642303467","1.8207671642303467","1.8207671642303467","1.7712042331695557","1.7712042331695557","1.7712042331695557","1.61985182762146","1.61985182762146","1.61985182762146","1.763010025024414","1.763010025024414","1.763010025024414"
"45","1.7559523582458496","1.7559523582458496","1.7559523582458496","1.7967954874038696","1.7967954874038696","1.7967954874038696","1.619199275970459","1.619199275970459","1.619199275970459","1.7400879859924316","1.7400879859924316","1.7400879859924316"
"46","1.8226966857910156","1.8226966857910156","1.8226966857910156","1.7898688316345215","1.7898688316345215","1.7898688316345215","1.634115219116211","1.634115219116211","1.634115219116211","1.6957660913467407","1.6957660913467407","1.6957660913467407"
"47","1.7773079872131348","1.7773079872131348","1.7773079872131348","1.7378448247909546","1.7378448247909546","1.7378448247909546","1.6848698854446411","1.6848698854446411","1.6848698854446411","1.7107025384902954","1.7107025384902954","1.7107025384902954"
"48","1.807957410812378","1.807957410812378","1.807957410812378","1.8006083965301514","1.8006083965301514","1.8006083965301514","1.7378337383270264","1.7378337383270264","1.7378337383270264","1.7498879432678223","1.7498879432678223","1.7498879432678223"
"49","1.8076852560043335","1.8076852560043335","1.8076852560043335","1.7466453313827515","1.7466453313827515","1.7466453313827515","1.7343311309814453","1.7343311309814453","1.7343311309814453","1.693771481513977","1.693771481513977","1.693771481513977"
"50","1.8058104515075684","1.8058104515075684","1.8058104515075684","1.8061531782150269","1.8061531782150269","1.8061531782150269","1.7214677333831787","1.7214677333831787","1.7214677333831787","1.7597146034240723","1.7597146034240723","1.7597146034240723"
"51","1.815725564956665","1.815725564956665","1.815725564956665","1.7435247898101807","1.7435247898101807","1.7435247898101807","1.6839896440505981","1.6839896440505981","1.6839896440505981","1.6534621715545654","1.6534621715545654","1.6534621715545654"
"52","1.7835640907287598","1.7835640907287598","1.7835640907287598","1.7926862239837646","1.7926862239837646","1.7926862239837646","1.6986924409866333","1.6986924409866333","1.6986924409866333","1.7291144132614136","1.7291144132614136","1.7291144132614136"
"53","1.8461418151855469","1.8461418151855469","1.8461418151855469","1.7333838939666748","1.7333838939666748","1.7333838939666748","1.6781023740768433","1.6781023740768433","1.6781023740768433","1.7015745639801025","1.7015745639801025","1.7015745639801025"
"54","1.7985646724700928","1.7985646724700928","1.7985646724700928","1.7678991556167603","1.7678991556167603","1.7678991556167603","1.632183313369751","1.632183313369751","1.632183313369751","1.7240676879882812","1.7240676879882812","1.7240676879882812"
"55","1.7692339420318604","1.7692339420318604","1.7692339420318604","1.754335641860962","1.754335641860962","1.754335641860962","1.636561632156372","1.636561632156372","1.636561632156372","1.7571289539337158","1.7571289539337158","1.7571289539337158"
"56","1.7851020097732544","1.7851020097732544","1.7851020097732544","1.7906121015548706","1.7906121015548706","1.7906121015548706","1.6663765907287598","1.6663765907287598","1.6663765907287598","1.7369716167449951","1.7369716167449951","1.7369716167449951"
"57","1.8232686519622803","1.8232686519622803","1.8232686519622803","1.7915652990341187","1.7915652990341187","1.7915652990341187","1.7454603910446167","1.7454603910446167","1.7454603910446167","1.7502868175506592","1.7502868175506592","1.7502868175506592"
"58","1.8003982305526733","1.8003982305526733","1.8003982305526733","1.7458045482635498","1.7458045482635498","1.7458045482635498","1.5361701250076294","1.5361701250076294","1.5361701250076294","1.746476173400879","1.746476173400879","1.746476173400879"
"59","1.8019530773162842","1.8019530773162842","1.8019530773162842","1.768592119216919","1.768592119216919","1.768592119216919","1.6133053302764893","1.6133053302764893","1.6133053302764893","1.7373231649398804","1.7373231649398804","1.7373231649398804"
"60","1.7696778774261475","1.7696778774261475","1.7696778774261475","1.7621197700500488","1.7621197700500488","1.7621197700500488","1.7220419645309448","1.7220419645309448","1.7220419645309448","1.7066413164138794","1.7066413164138794","1.7066413164138794"
"61","1.7476372718811035","1.7476372718811035","1.7476372718811035","1.7578930854797363","1.7578930854797363","1.7578930854797363","1.6792635917663574","1.6792635917663574","1.6792635917663574","1.761967420578003","1.761967420578003","1.761967420578003"
"62","1.755591869354248","1.755591869354248","1.755591869354248","1.7446398735046387","1.7446398735046387","1.7446398735046387","1.5853018760681152","1.5853018760681152","1.5853018760681152","1.733677864074707","1.733677864074707","1.733677864074707"
"63","1.8076221942901611","1.8076221942901611","1.8076221942901611","1.7608985900878906","1.7608985900878906","1.7608985900878906","1.7127032279968262","1.7127032279968262","1.7127032279968262","1.7257360219955444","1.7257360219955444","1.7257360219955444"
"64","1.779008388519287","1.779008388519287","1.779008388519287","1.7868601083755493","1.7868601083755493","1.7868601083755493","1.6699872016906738","1.6699872016906738","1.6699872016906738","1.7494373321533203","1.7494373321533203","1.7494373321533203"
"65","1.8236193656921387","1.8236193656921387","1.8236193656921387","1.7924859523773193","1.7924859523773193","1.7924859523773193","1.6689683198928833","1.6689683198928833","1.6689683198928833","1.7621835470199585","1.7621835470199585","1.7621835470199585"
"66","1.8414218425750732","1.8414218425750732","1.8414218425750732","1.6844465732574463","1.6844465732574463","1.6844465732574463","1.755420207977295","1.755420207977295","1.755420207977295","1.723580241203308","1.723580241203308","1.723580241203308"
"67","1.8166537284851074","1.8166537284851074","1.8166537284851074","1.7459568977355957","1.7459568977355957","1.7459568977355957","1.672631859779358","1.672631859779358","1.672631859779358","1.7459956407546997","1.7459956407546997","1.7459956407546997"
"68","1.8238109350204468","1.8238109350204468","1.8238109350204468","1.7953908443450928","1.7953908443450928","1.7953908443450928","1.7337191104888916","1.7337191104888916","1.7337191104888916","1.7000715732574463","1.7000715732574463","1.7000715732574463"
"69","1.775605320930481","1.775605320930481","1.775605320930481","1.7701239585876465","1.7701239585876465","1.7701239585876465","1.7004404067993164","1.7004404067993164","1.7004404067993164","1.6825907230377197","1.6825907230377197","1.6825907230377197"
"70","1.7262182235717773","1.7262182235717773","1.7262182235717773","1.7926666736602783","1.7926666736602783","1.7926666736602783","1.6567718982696533","1.6567718982696533","1.6567718982696533","1.6570403575897217","1.6570403575897217","1.6570403575897217"
"71","1.8241136074066162","1.8241136074066162","1.8241136074066162","1.800919771194458","1.800919771194458","1.800919771194458","1.6969168186187744","1.6969168186187744","1.6969168186187744","1.749932050704956","1.749932050704956","1.749932050704956"
"72","1.8336210250854492","1.8336210250854492","1.8336210250854492","1.8067082166671753","1.8067082166671753","1.8067082166671753","1.6199123859405518","1.6199123859405518","1.6199123859405518","1.7470088005065918","1.7470088005065918","1.7470088005065918"
"73","1.7687129974365234","1.7687129974365234","1.7687129974365234","1.818289875984192","1.818289875984192","1.818289875984192","1.6482350826263428","1.6482350826263428","1.6482350826263428","1.7759464979171753","1.7759464979171753","1.7759464979171753"
"74","1.8289389610290527","1.8289389610290527","1.8289389610290527","1.7908152341842651","1.7908152341842651","1.7908152341842651","1.6828055381774902","1.6828055381774902","1.6828055381774902","1.7164418697357178","1.7164418697357178","1.7164418697357178"
"75","1.8023314476013184","1.8023314476013184","1.8023314476013184","1.789744257926941","1.789744257926941","1.789744257926941","1.7273948192596436","1.7273948192596436","1.7273948192596436","1.7632089853286743","1.7632089853286743","1.7632089853286743"
"76","1.8047332763671875","1.8047332763671875","1.8047332763671875","1.8087146282196045","1.8087146282196045","1.8087146282196045","1.6434011459350586","1.6434011459350586","1.6434011459350586","1.7214213609695435","1.7214213609695435","1.7214213609695435"
"77","1.8176414966583252","1.8176414966583252","1.8176414966583252","1.8051750659942627","1.8051750659942627","1.8051750659942627","1.6454367637634277","1.6454367637634277","1.6454367637634277","1.7895164489746094","1.7895164489746094","1.7895164489746094"
"78","1.8218481540679932","1.8218481540679932","1.8218481540679932","1.8124715089797974","1.8124715089797974","1.8124715089797974","1.7128753662109375","1.7128753662109375","1.7128753662109375","1.7367823123931885","1.7367823123931885","1.7367823123931885"
"79","1.787519097328186","1.787519097328186","1.787519097328186","1.818144679069519","1.818144679069519","1.818144679069519","1.725979208946228","1.725979208946228","1.725979208946228","1.7170723676681519","1.7170723676681519","1.7170723676681519"
"80","1.8159568309783936","1.8159568309783936","1.8159568309783936","1.7760051488876343","1.7760051488876343","1.7760051488876343","1.634880542755127","1.634880542755127","1.634880542755127","1.7226059436798096","1.7226059436798096","1.7226059436798096"
"81","1.7930214405059814","1.7930214405059814","1.7930214405059814","1.8051124811172485","1.8051124811172485","1.8051124811172485","1.6728005409240723","1.6728005409240723","1.6728005409240723","1.6648470163345337","1.6648470163345337","1.6648470163345337"
"82","1.8503024578094482","1.8503024578094482","1.8503024578094482","1.826919674873352","1.826919674873352","1.826919674873352","1.6489349603652954","1.6489349603652954","1.6489349603652954","1.7515312433242798","1.7515312433242798","1.7515312433242798"
"83","1.8392279148101807","1.8392279148101807","1.8392279148101807","1.7676293849945068","1.7676293849945068","1.7676293849945068","1.666511058807373","1.666511058807373","1.666511058807373","1.7002110481262207","1.7002110481262207","1.7002110481262207"
"84","1.8064587116241455","1.8064587116241455","1.8064587116241455","1.766359567642212","1.766359567642212","1.766359567642212","1.7092349529266357","1.7092349529266357","1.7092349529266357","1.7480920553207397","1.7480920553207397","1.7480920553207397"
"85","1.8111984729766846","1.8111984729766846","1.8111984729766846","1.730191946029663","1.730191946029663","1.730191946029663","1.72823965549469","1.72823965549469","1.72823965549469","1.7406095266342163","1.7406095266342163","1.7406095266342163"
"86","1.7921572923660278","1.7921572923660278","1.7921572923660278","1.795600414276123","1.795600414276123","1.795600414276123","1.7439370155334473","1.7439370155334473","1.7439370155334473","1.7758218050003052","1.7758218050003052","1.7758218050003052"
"87","1.7991470098495483","1.7991470098495483","1.7991470098495483","1.7474863529205322","1.7474863529205322","1.7474863529205322","1.754540205001831","1.754540205001831","1.754540205001831","1.74985671043396","1.74985671043396","1.74985671043396"
"88","1.8478777408599854","1.8478777408599854","1.8478777408599854","1.7918927669525146","1.7918927669525146","1.7918927669525146","1.660679817199707","1.660679817199707","1.660679817199707","1.8006744384765625","1.8006744384765625","1.8006744384765625"
"89","1.821974754333496","1.821974754333496","1.821974754333496","1.8299380540847778","1.8299380540847778","1.8299380540847778","1.7088656425476074","1.7088656425476074","1.7088656425476074","1.7153935432434082","1.7153935432434082","1.7153935432434082"
"90","1.833876609802246","1.833876609802246","1.833876609802246","1.7721867561340332","1.7721867561340332","1.7721867561340332","1.6752122640609741","1.6752122640609741","1.6752122640609741","1.7864463329315186","1.7864463329315186","1.7864463329315186"
"91","1.8437442779541016","1.8437442779541016","1.8437442779541016","1.7873926162719727","1.7873926162719727","1.7873926162719727","1.6500568389892578","1.6500568389892578","1.6500568389892578","1.7430121898651123","1.7430121898651123","1.7430121898651123"
"92","1.847200632095337","1.847200632095337","1.847200632095337","1.7758183479309082","1.7758183479309082","1.7758183479309082","1.6505019664764404","1.6505019664764404","1.6505019664764404","1.7229621410369873","1.7229621410369873","1.7229621410369873"
"93","1.851212978363037","1.851212978363037","1.851212978363037","1.7747268676757812","1.7747268676757812","1.7747268676757812","1.650699496269226","1.650699496269226","1.650699496269226","1.7471837997436523","1.7471837997436523","1.7471837997436523"
"94","1.8295612335205078","1.8295612335205078","1.8295612335205078","1.8115432262420654","1.8115432262420654","1.8115432262420654","1.6980847120285034","1.6980847120285034","1.6980847120285034","1.7430099248886108","1.7430099248886108","1.7430099248886108"
"95","1.8220367431640625","1.8220367431640625","1.8220367431640625","1.7841179370880127","1.7841179370880127","1.7841179370880127","1.7287994623184204","1.7287994623184204","1.7287994623184204","1.7681366205215454","1.7681366205215454","1.7681366205215454"
"96","1.8194024562835693","1.8194024562835693","1.8194024562835693","1.7872352600097656","1.7872352600097656","1.7872352600097656","1.6568913459777832","1.6568913459777832","1.6568913459777832","1.6995832920074463","1.6995832920074463","1.6995832920074463"
"97","1.8061739206314087","1.8061739206314087","1.8061739206314087","1.766530990600586","1.766530990600586","1.766530990600586","1.7169383764266968","1.7169383764266968","1.7169383764266968","1.777489185333252","1.777489185333252","1.777489185333252"
"98","1.7751822471618652","1.7751822471618652","1.7751822471618652","1.7907333374023438","1.7907333374023438","1.7907333374023438","1.750304937362671","1.750304937362671","1.750304937362671","1.7680280208587646","1.7680280208587646","1.7680280208587646"
"99","1.842049479484558","1.842049479484558","1.842049479484558","1.7877577543258667","1.7877577543258667","1.7877577543258667","1.7085708379745483","1.7085708379745483","1.7085708379745483","1.7473589181900024","1.7473589181900024","1.7473589181900024"
"100","1.8478024005889893","1.8478024005889893","1.8478024005889893","1.8025283813476562","1.8025283813476562","1.8025283813476562","1.7375564575195312","1.7375564575195312","1.7375564575195312","1.7321679592132568","1.7321679592132568","1.7321679592132568"
"101","1.8052395582199097","1.8052395582199097","1.8052395582199097","1.7741773128509521","1.7741773128509521","1.7741773128509521","1.656099796295166","1.656099796295166","1.656099796295166","1.7612413167953491","1.7612413167953491","1.7612413167953491"
"102","1.7956159114837646","1.7956159114837646","1.7956159114837646","1.684128761291504","1.684128761291504","1.684128761291504","1.701747179031372","1.701747179031372","1.701747179031372","1.8067951202392578","1.8067951202392578","1.8067951202392578"
"103","1.8402305841445923","1.8402305841445923","1.8402305841445923","1.8012434244155884","1.8012434244155884","1.8012434244155884","1.7104908227920532","1.7104908227920532","1.7104908227920532","1.7730097770690918","1.7730097770690918","1.7730097770690918"
"104","1.782389760017395","1.782389760017395","1.782389760017395","1.8020983934402466","1.8020983934402466","1.8020983934402466","1.7271254062652588","1.7271254062652588","1.7271254062652588","1.749697208404541","1.749697208404541","1.749697208404541"
"105","1.8346415758132935","1.8346415758132935","1.8346415758132935","1.7453845739364624","1.7453845739364624","1.7453845739364624","1.7498672008514404","1.7498672008514404","1.7498672008514404","1.7043355703353882","1.7043355703353882","1.7043355703353882"
"106","1.7642300128936768","1.7642300128936768","1.7642300128936768","1.806236982345581","1.806236982345581","1.806236982345581","1.737028956413269","1.737028956413269","1.737028956413269","1.7433359622955322","1.7433359622955322","1.7433359622955322"
"107","1.7977230548858643","1.7977230548858643","1.7977230548858643","1.7911031246185303","1.7911031246185303","1.7911031246185303","1.6577341556549072","1.6577341556549072","1.6577341556549072","1.7848796844482422","1.7848796844482422","1.7848796844482422"
"108","1.7889771461486816","1.7889771461486816","1.7889771461486816","1.78670072555542","1.78670072555542","1.78670072555542","1.7473849058151245","1.7473849058151245","1.7473849058151245","1.6756649017333984","1.6756649017333984","1.6756649017333984"
"109","1.8052517175674438","1.8052517175674438","1.8052517175674438","1.7551593780517578","1.7551593780517578","1.7551593780517578","1.7213711738586426","1.7213711738586426","1.7213711738586426","1.7474669218063354","1.7474669218063354","1.7474669218063354"
"110","1.828295111656189","1.828295111656189","1.828295111656189","1.8457262516021729","1.8457262516021729","1.8457262516021729","1.7739917039871216","1.7739917039871216","1.7739917039871216","1.792351484298706","1.792351484298706","1.792351484298706"
"111","1.832281231880188","1.832281231880188","1.832281231880188","1.790769100189209","1.790769100189209","1.790769100189209","1.7314376831054688","1.7314376831054688","1.7314376831054688","1.752453327178955","1.752453327178955","1.752453327178955"
"112","1.8210386037826538","1.8210386037826538","1.8210386037826538","1.7807621955871582","1.7807621955871582","1.7807621955871582","1.7470808029174805","1.7470808029174805","1.7470808029174805","1.7739436626434326","1.7739436626434326","1.7739436626434326"
"113","1.8227121829986572","1.8227121829986572","1.8227121829986572","1.7623677253723145","1.7623677253723145","1.7623677253723145","1.7392592430114746","1.7392592430114746","1.7392592430114746","1.7405428886413574","1.7405428886413574","1.7405428886413574"
"114","1.8292057514190674","1.8292057514190674","1.8292057514190674","1.782342791557312","1.782342791557312","1.782342791557312","1.721655249595642","1.721655249595642","1.721655249595642","1.7513387203216553","1.7513387203216553","1.7513387203216553"
"115","1.8003478050231934","1.8003478050231934","1.8003478050231934","1.8521409034729004","1.8521409034729004","1.8521409034729004","1.7231762409210205","1.7231762409210205","1.7231762409210205","1.7334434986114502","1.7334434986114502","1.7334434986114502"
"116","1.8006353378295898","1.8006353378295898","1.8006353378295898","1.801504135131836","1.801504135131836","1.801504135131836","1.7570855617523193","1.7570855617523193","1.7570855617523193","1.796872615814209","1.796872615814209","1.796872615814209"
"117","1.8479946851730347","1.8479946851730347","1.8479946851730347","1.8182138204574585","1.8182138204574585","1.8182138204574585","1.6946864128112793","1.6946864128112793","1.6946864128112793","1.789067268371582","1.789067268371582","1.789067268371582"
"118","1.8680212497711182","1.8680212497711182","1.8680212497711182","1.7948737144470215","1.7948737144470215","1.7948737144470215","1.6966742277145386","1.6966742277145386","1.6966742277145386","1.749540090560913","1.749540090560913","1.749540090560913"
"119","1.8360719680786133","1.8360719680786133","1.8360719680786133","1.7877357006072998","1.7877357006072998","1.7877357006072998","1.7338626384735107","1.7338626384735107","1.7338626384735107","1.806030511856079","1.806030511856079","1.806030511856079"
"120","1.776200771331787","1.776200771331787","1.776200771331787","1.7477883100509644","1.7477883100509644","1.7477883100509644","1.7426135540008545","1.7426135540008545","1.7426135540008545","1.7343617677688599","1.7343617677688599","1.7343617677688599"
"121","1.8392033576965332","1.8392033576965332","1.8392033576965332","1.8073936700820923","1.8073936700820923","1.8073936700820923","1.703259825706482","1.703259825706482","1.703259825706482","1.752915620803833","1.752915620803833","1.752915620803833"
"122","1.8288238048553467","1.8288238048553467","1.8288238048553467","1.8252716064453125","1.8252716064453125","1.8252716064453125","1.6611753702163696","1.6611753702163696","1.6611753702163696","1.742542028427124","1.742542028427124","1.742542028427124"
"123","1.812839150428772","1.812839150428772","1.812839150428772","1.8152722120285034","1.8152722120285034","1.8152722120285034","1.7132844924926758","1.7132844924926758","1.7132844924926758","1.7809077501296997","1.7809077501296997","1.7809077501296997"
"124","1.8131150007247925","1.8131150007247925","1.8131150007247925","1.7993056774139404","1.7993056774139404","1.7993056774139404","1.743379831314087","1.743379831314087","1.743379831314087","1.7792596817016602","1.7792596817016602","1.7792596817016602"
"125","1.7862682342529297","1.7862682342529297","1.7862682342529297","1.8369520902633667","1.8369520902633667","1.8369520902633667","1.661220669746399","1.661220669746399","1.661220669746399","1.7839552164077759","1.7839552164077759","1.7839552164077759"
"126","1.8064783811569214","1.8064783811569214","1.8064783811569214","1.7871522903442383","1.7871522903442383","1.7871522903442383","1.7331352233886719","1.7331352233886719","1.7331352233886719","1.8089815378189087","1.8089815378189087","1.8089815378189087"
"127","1.788224697113037","1.788224697113037","1.788224697113037","1.8059334754943848","1.8059334754943848","1.8059334754943848","1.7313865423202515","1.7313865423202515","1.7313865423202515","1.8305420875549316","1.8305420875549316","1.8305420875549316"
"128","1.8235949277877808","1.8235949277877808","1.8235949277877808","1.798508882522583","1.798508882522583","1.798508882522583","1.6652007102966309","1.6652007102966309","1.6652007102966309","1.8155461549758911","1.8155461549758911","1.8155461549758911"
"129","1.8247692584991455","1.8247692584991455","1.8247692584991455","1.817994236946106","1.817994236946106","1.817994236946106","1.7299652099609375","1.7299652099609375","1.7299652099609375","1.7986116409301758","1.7986116409301758","1.7986116409301758"
"130","1.7952487468719482","1.7952487468719482","1.7952487468719482","1.7901440858840942","1.7901440858840942","1.7901440858840942","1.7129701375961304","1.7129701375961304","1.7129701375961304","1.7640695571899414","1.7640695571899414","1.7640695571899414"
"131","1.8095183372497559","1.8095183372497559","1.8095183372497559","1.7849910259246826","1.7849910259246826","1.7849910259246826","1.7371330261230469","1.7371330261230469","1.7371330261230469","1.8158183097839355","1.8158183097839355","1.8158183097839355"
"132","1.8237191438674927","1.8237191438674927","1.8237191438674927","1.81112802028656","1.81112802028656","1.81112802028656","1.7703540325164795","1.7703540325164795","1.7703540325164795","1.800612449645996","1.800612449645996","1.800612449645996"
"133","1.795966625213623","1.795966625213623","1.795966625213623","1.777930498123169","1.777930498123169","1.777930498123169","1.687455177307129","1.687455177307129","1.687455177307129","1.809805154800415","1.809805154800415","1.809805154800415"
"134","1.7974233627319336","1.7974233627319336","1.7974233627319336","1.8500460386276245","1.8500460386276245","1.8500460386276245","1.7226800918579102","1.7226800918579102","1.7226800918579102","1.7598414421081543","1.7598414421081543","1.7598414421081543"
"135","1.816357135772705","1.816357135772705","1.816357135772705","1.8013091087341309","1.8013091087341309","1.8013091087341309","1.7243471145629883","1.7243471145629883","1.7243471145629883","1.7846240997314453","1.7846240997314453","1.7846240997314453"
"136","1.8120837211608887","1.8120837211608887","1.8120837211608887","1.8065979480743408","1.8065979480743408","1.8065979480743408","1.7187120914459229","1.7187120914459229","1.7187120914459229","1.7650467157363892","1.7650467157363892","1.7650467157363892"
"137","1.7911405563354492","1.7911405563354492","1.7911405563354492","1.7627688646316528","1.7627688646316528","1.7627688646316528","1.693079948425293","1.693079948425293","1.693079948425293","1.7907896041870117","1.7907896041870117","1.7907896041870117"
"138","1.8079729080200195","1.8079729080200195","1.8079729080200195","1.8218897581100464","1.8218897581100464","1.8218897581100464","1.6748087406158447","1.6748087406158447","1.6748087406158447","1.8009073734283447","1.8009073734283447","1.8009073734283447"
"139","1.7857422828674316","1.7857422828674316","1.7857422828674316","1.8139437437057495","1.8139437437057495","1.8139437437057495","1.7362271547317505","1.7362271547317505","1.7362271547317505","1.796130895614624","1.796130895614624","1.796130895614624"
"140","1.8456058502197266","1.8456058502197266","1.8456058502197266","1.7737059593200684","1.7737059593200684","1.7737059593200684","1.7854573726654053","1.7854573726654053","1.7854573726654053","1.7786502838134766","1.7786502838134766","1.7786502838134766"
"141","1.83573317527771","1.83573317527771","1.83573317527771","1.8246395587921143","1.8246395587921143","1.8246395587921143","1.7905782461166382","1.7905782461166382","1.7905782461166382","1.7941575050354004","1.7941575050354004","1.7941575050354004"
"142","1.8200604915618896","1.8200604915618896","1.8200604915618896","1.7627439498901367","1.7627439498901367","1.7627439498901367","1.6622614860534668","1.6622614860534668","1.6622614860534668","1.8300740718841553","1.8300740718841553","1.8300740718841553"
"143","1.8177086114883423","1.8177086114883423","1.8177086114883423","1.8279237747192383","1.8279237747192383","1.8279237747192383","1.7131134271621704","1.7131134271621704","1.7131134271621704","1.7587175369262695","1.7587175369262695","1.7587175369262695"
"144","1.8575479984283447","1.8575479984283447","1.8575479984283447","1.8237426280975342","1.8237426280975342","1.8237426280975342","1.6930584907531738","1.6930584907531738","1.6930584907531738","1.8140596151351929","1.8140596151351929","1.8140596151351929"
"145","1.8316820859909058","1.8316820859909058","1.8316820859909058","1.757629156112671","1.757629156112671","1.757629156112671","1.754760980606079","1.754760980606079","1.754760980606079","1.8206584453582764","1.8206584453582764","1.8206584453582764"
"146","1.8080098628997803","1.8080098628997803","1.8080098628997803","1.8095016479492188","1.8095016479492188","1.8095016479492188","1.6656527519226074","1.6656527519226074","1.6656527519226074","1.7239218950271606","1.7239218950271606","1.7239218950271606"
"147","1.7874795198440552","1.7874795198440552","1.7874795198440552","1.7638523578643799","1.7638523578643799","1.7638523578643799","1.739825963973999","1.739825963973999","1.739825963973999","1.7957459688186646","1.7957459688186646","1.7957459688186646"
"148","1.8337774276733398","1.8337774276733398","1.8337774276733398","1.7956699132919312","1.7956699132919312","1.7956699132919312","1.7401798963546753","1.7401798963546753","1.7401798963546753","1.7956963777542114","1.7956963777542114","1.7956963777542114"
"149","1.7973376512527466","1.7973376512527466","1.7973376512527466","1.77958345413208","1.77958345413208","1.77958345413208","1.7264810800552368","1.7264810800552368","1.7264810800552368","1.7694616317749023","1.7694616317749023","1.7694616317749023"
"150","1.8378632068634033","1.8378632068634033","1.8378632068634033","1.7812621593475342","1.7812621593475342","1.7812621593475342","1.698232650756836","1.698232650756836","1.698232650756836","1.7776739597320557","1.7776739597320557","1.7776739597320557"
"151","1.8314054012298584","1.8314054012298584","1.8314054012298584","1.801448106765747","1.801448106765747","1.801448106765747","1.7335593700408936","1.7335593700408936","1.7335593700408936","1.8006750345230103","1.8006750345230103","1.8006750345230103"
"152","1.8306567668914795","1.8306567668914795","1.8306567668914795","1.7897990942001343","1.7897990942001343","1.7897990942001343","1.7486261129379272","1.7486261129379272","1.7486261129379272","1.812551736831665","1.812551736831665","1.812551736831665"
"153","1.7877206802368164","1.7877206802368164","1.7877206802368164","1.8075640201568604","1.8075640201568604","1.8075640201568604","1.7489142417907715","1.7489142417907715","1.7489142417907715","1.8211946487426758","1.8211946487426758","1.8211946487426758"
"154","1.8262109756469727","1.8262109756469727","1.8262109756469727","1.8212907314300537","1.8212907314300537","1.8212907314300537","1.740360975265503","1.740360975265503","1.740360975265503","1.80171537399292","1.80171537399292","1.80171537399292"
"155","1.8587853908538818","1.8587853908538818","1.8587853908538818","1.8119523525238037","1.8119523525238037","1.8119523525238037","1.693281650543213","1.693281650543213","1.693281650543213","1.7670097351074219","1.7670097351074219","1.7670097351074219"
"156","1.8220676183700562","1.8220676183700562","1.8220676183700562","1.8268744945526123","1.8268744945526123","1.8268744945526123","1.7475074529647827","1.7475074529647827","1.7475074529647827","1.8164891004562378","1.8164891004562378","1.8164891004562378"
"157","1.7836127281188965","1.7836127281188965","1.7836127281188965","1.7850687503814697","1.7850687503814697","1.7850687503814697","1.759531855583191","1.759531855583191","1.759531855583191","1.7897212505340576","1.7897212505340576","1.7897212505340576"
"158","1.820230484008789","1.820230484008789","1.820230484008789","1.8185935020446777","1.8185935020446777","1.8185935020446777","1.7160964012145996","1.7160964012145996","1.7160964012145996","1.754725456237793","1.754725456237793","1.754725456237793"
"159","1.8007457256317139","1.8007457256317139","1.8007457256317139","1.802478551864624","1.802478551864624","1.802478551864624","1.6580219268798828","1.6580219268798828","1.6580219268798828","1.81160306930542","1.81160306930542","1.81160306930542"
"160","1.8344173431396484","1.8344173431396484","1.8344173431396484","1.8092584609985352","1.8092584609985352","1.8092584609985352","1.7417129278182983","1.7417129278182983","1.7417129278182983","1.8031530380249023","1.8031530380249023","1.8031530380249023"
"161","1.7885169982910156","1.7885169982910156","1.7885169982910156","1.8155126571655273","1.8155126571655273","1.8155126571655273","1.727824091911316","1.727824091911316","1.727824091911316","1.7975733280181885","1.7975733280181885","1.7975733280181885"
"162","1.8233739137649536","1.8233739137649536","1.8233739137649536","1.7711808681488037","1.7711808681488037","1.7711808681488037","1.7473046779632568","1.7473046779632568","1.7473046779632568","1.8042194843292236","1.8042194843292236","1.8042194843292236"
"163","1.756247878074646","1.756247878074646","1.756247878074646","1.824214220046997","1.824214220046997","1.824214220046997","1.777965784072876","1.777965784072876","1.777965784072876","1.8033254146575928","1.8033254146575928","1.8033254146575928"
"164","1.862288475036621","1.862288475036621","1.862288475036621","1.8191487789154053","1.8191487789154053","1.8191487789154053","1.6964027881622314","1.6964027881622314","1.6964027881622314","1.8297510147094727","1.8297510147094727","1.8297510147094727"
"165","1.8222501277923584","1.8222501277923584","1.8222501277923584","1.8313474655151367","1.8313474655151367","1.8313474655151367","1.6026692390441895","1.6026692390441895","1.6026692390441895","1.8262205123901367","1.8262205123901367","1.8262205123901367"
"166","1.8124170303344727","1.8124170303344727","1.8124170303344727","1.811973214149475","1.811973214149475","1.811973214149475","1.7497832775115967","1.7497832775115967","1.7497832775115967","1.757225751876831","1.757225751876831","1.757225751876831"
"167","1.8085565567016602","1.8085565567016602","1.8085565567016602","1.7927124500274658","1.7927124500274658","1.7927124500274658","1.6769495010375977","1.6769495010375977","1.6769495010375977","1.8303618431091309","1.8303618431091309","1.8303618431091309"
"168","1.7824668884277344","1.7824668884277344","1.7824668884277344","1.7761640548706055","1.7761640548706055","1.7761640548706055","1.7149860858917236","1.7149860858917236","1.7149860858917236","1.7607836723327637","1.7607836723327637","1.7607836723327637"
"169","1.8492151498794556","1.8492151498794556","1.8492151498794556","1.804582118988037","1.804582118988037","1.804582118988037","1.6991153955459595","1.6991153955459595","1.6991153955459595","1.813796043395996","1.813796043395996","1.813796043395996"
"170","1.7863439321517944","1.7863439321517944","1.7863439321517944","1.8036575317382812","1.8036575317382812","1.8036575317382812","1.749914526939392","1.749914526939392","1.749914526939392","1.8126977682113647","1.8126977682113647","1.8126977682113647"
"171","1.8120135068893433","1.8120135068893433","1.8120135068893433","1.8024977445602417","1.8024977445602417","1.8024977445602417","1.7708128690719604","1.7708128690719604","1.7708128690719604","1.8116788864135742","1.8116788864135742","1.8116788864135742"
"172","1.8003836870193481","1.8003836870193481","1.8003836870193481","1.7995179891586304","1.7995179891586304","1.7995179891586304","1.73616361618042","1.73616361618042","1.73616361618042","1.828294277191162","1.828294277191162","1.828294277191162"
"173","1.8200187683105469","1.8200187683105469","1.8200187683105469","1.8216333389282227","1.8216333389282227","1.8216333389282227","1.7692975997924805","1.7692975997924805","1.7692975997924805","1.8023008108139038","1.8023008108139038","1.8023008108139038"
"174","1.8571710586547852","1.8571710586547852","1.8571710586547852","1.816583514213562","1.816583514213562","1.816583514213562","1.757282018661499","1.757282018661499","1.757282018661499","1.757110834121704","1.757110834121704","1.757110834121704"
"175","1.7922166585922241","1.7922166585922241","1.7922166585922241","1.8461055755615234","1.8461055755615234","1.8461055755615234","1.6930091381072998","1.6930091381072998","1.6930091381072998","1.8082022666931152","1.8082022666931152","1.8082022666931152"
"176","1.762529730796814","1.762529730796814","1.762529730796814","1.8333324193954468","1.8333324193954468","1.8333324193954468","1.7407689094543457","1.7407689094543457","1.7407689094543457","1.824291706085205","1.824291706085205","1.824291706085205"
"177","1.821180820465088","1.821180820465088","1.821180820465088","1.8041270971298218","1.8041270971298218","1.8041270971298218","1.7818360328674316","1.7818360328674316","1.7818360328674316","1.8104673624038696","1.8104673624038696","1.8104673624038696"
"178","1.8234686851501465","1.8234686851501465","1.8234686851501465","1.8017711639404297","1.8017711639404297","1.8017711639404297","1.708054780960083","1.708054780960083","1.708054780960083","1.8149378299713135","1.8149378299713135","1.8149378299713135"
"179","1.841739535331726","1.841739535331726","1.841739535331726","1.8147664070129395","1.8147664070129395","1.8147664070129395","1.7555592060089111","1.7555592060089111","1.7555592060089111","1.7800514698028564","1.7800514698028564","1.7800514698028564"
"180","1.8298354148864746","1.8298354148864746","1.8298354148864746","1.8235535621643066","1.8235535621643066","1.8235535621643066","1.758880376815796","1.758880376815796","1.758880376815796","1.8319228887557983","1.8319228887557983","1.8319228887557983"
"181","1.7813903093338013","1.7813903093338013","1.7813903093338013","1.8315232992172241","1.8315232992172241","1.8315232992172241","1.7364424467086792","1.7364424467086792","1.7364424467086792","1.8359007835388184","1.8359007835388184","1.8359007835388184"
"182","1.8244984149932861","1.8244984149932861","1.8244984149932861","1.8263697624206543","1.8263697624206543","1.8263697624206543","1.7512096166610718","1.7512096166610718","1.7512096166610718","1.8197088241577148","1.8197088241577148","1.8197088241577148"
"183","1.7714393138885498","1.7714393138885498","1.7714393138885498","1.7922639846801758","1.7922639846801758","1.7922639846801758","1.7467305660247803","1.7467305660247803","1.7467305660247803","1.8157308101654053","1.8157308101654053","1.8157308101654053"
"184","1.8002049922943115","1.8002049922943115","1.8002049922943115","1.7670649290084839","1.7670649290084839","1.7670649290084839","1.7287710905075073","1.7287710905075073","1.7287710905075073","1.758127212524414","1.758127212524414","1.758127212524414"
"185","1.785473346710205","1.785473346710205","1.785473346710205","1.8265613317489624","1.8265613317489624","1.8265613317489624","1.7808632850646973","1.7808632850646973","1.7808632850646973","1.774710774421692","1.774710774421692","1.774710774421692"
"186","1.819217324256897","1.819217324256897","1.819217324256897","1.8193495273590088","1.8193495273590088","1.8193495273590088","1.7648892402648926","1.7648892402648926","1.7648892402648926","1.8424724340438843","1.8424724340438843","1.8424724340438843"
"187","1.7631566524505615","1.7631566524505615","1.7631566524505615","1.7793517112731934","1.7793517112731934","1.7793517112731934","1.7759982347488403","1.7759982347488403","1.7759982347488403","1.7917779684066772","1.7917779684066772","1.7917779684066772"
"188","1.8590199947357178","1.8590199947357178","1.8590199947357178","1.799093246459961","1.799093246459961","1.799093246459961","1.7175076007843018","1.7175076007843018","1.7175076007843018","1.757359266281128","1.757359266281128","1.757359266281128"
"189","1.854865550994873","1.854865550994873","1.854865550994873","1.8361334800720215","1.8361334800720215","1.8361334800720215","1.7362799644470215","1.7362799644470215","1.7362799644470215","1.8366714715957642","1.8366714715957642","1.8366714715957642"
"190","1.8145065307617188","1.8145065307617188","1.8145065307617188","1.7605336904525757","1.7605336904525757","1.7605336904525757","1.7441470623016357","1.7441470623016357","1.7441470623016357","1.8013505935668945","1.8013505935668945","1.8013505935668945"
"191","1.8447630405426025","1.8447630405426025","1.8447630405426025","1.8380827903747559","1.8380827903747559","1.8380827903747559","1.7254952192306519","1.7254952192306519","1.7254952192306519","1.7809258699417114","1.7809258699417114","1.7809258699417114"
"192","1.8410415649414062","1.8410415649414062","1.8410415649414062","1.846203088760376","1.846203088760376","1.846203088760376","1.739296793937683","1.739296793937683","1.739296793937683","1.81266450881958","1.81266450881958","1.81266450881958"
"193","1.8314299583435059","1.8314299583435059","1.8314299583435059","1.8599588871002197","1.8599588871002197","1.8599588871002197","1.7586063146591187","1.7586063146591187","1.7586063146591187","1.8044085502624512","1.8044085502624512","1.8044085502624512"
"194","1.7949292659759521","1.7949292659759521","1.7949292659759521","1.7950154542922974","1.7950154542922974","1.7950154542922974","1.7526769638061523","1.7526769638061523","1.7526769638061523","1.816136121749878","1.816136121749878","1.816136121749878"
"195","1.7895631790161133","1.7895631790161133","1.7895631790161133","1.8285056352615356","1.8285056352615356","1.8285056352615356","1.7779021263122559","1.7779021263122559","1.7779021263122559","1.8049193620681763","1.8049193620681763","1.8049193620681763"
"196","1.8503820896148682","1.8503820896148682","1.8503820896148682","1.809708833694458","1.809708833694458","1.809708833694458","1.650445818901062","1.650445818901062","1.650445818901062","1.7848436832427979","1.7848436832427979","1.7848436832427979"
"197","1.832839012145996","1.832839012145996","1.832839012145996","1.8123711347579956","1.8123711347579956","1.8123711347579956","1.7538902759552002","1.7538902759552002","1.7538902759552002","1.7993838787078857","1.7993838787078857","1.7993838787078857"
"198","1.840919017791748","1.840919017791748","1.840919017791748","1.7919316291809082","1.7919316291809082","1.7919316291809082","1.711289644241333","1.711289644241333","1.711289644241333","1.774325966835022","1.774325966835022","1.774325966835022"
"199","1.826157808303833","1.826157808303833","1.826157808303833","1.8042018413543701","1.8042018413543701","1.8042018413543701","1.700914740562439","1.700914740562439","1.700914740562439","1.8347227573394775","1.8347227573394775","1.8347227573394775"
