"Step","token_ablation - giant - 10 - Train Loss","token_ablation - giant - 10 - Train Loss__MIN","token_ablation - giant - 10 - Train Loss__MAX","token_ablation - giant - 50 - Train Loss","token_ablation - giant - 50 - Train Loss__MIN","token_ablation - giant - 50 - Train Loss__MAX","token_ablation - giant - 20 - Train Loss","token_ablation - giant - 20 - Train Loss__MIN","token_ablation - giant - 20 - Train Loss__MAX","token_ablation - giant - 1 - Train Loss","token_ablation - giant - 1 - Train Loss__MIN","token_ablation - giant - 1 - Train Loss__MAX"
"0","1.1742329597473145","1.1742329597473145","1.1742329597473145","1.1106797456741333","1.1106797456741333","1.1106797456741333","1.1909208297729492","1.1909208297729492","1.1909208297729492","1.0830754041671753","1.0830754041671753","1.0830754041671753"
"1","1.1057754755020142","1.1057754755020142","1.1057754755020142","1.1481631994247437","1.1481631994247437","1.1481631994247437","1.1729187965393066","1.1729187965393066","1.1729187965393066","1.0838383436203003","1.0838383436203003","1.0838383436203003"
"2","1.1644482612609863","1.1644482612609863","1.1644482612609863","1.2963006496429443","1.2963006496429443","1.2963006496429443","1.0886884927749634","1.0886884927749634","1.0886884927749634","1.107265830039978","1.107265830039978","1.107265830039978"
"3","1.1490837335586548","1.1490837335586548","1.1490837335586548","1.3637802600860596","1.3637802600860596","1.3637802600860596","1.1375924348831177","1.1375924348831177","1.1375924348831177","1.0985862016677856","1.0985862016677856","1.0985862016677856"
"4","1.2487155199050903","1.2487155199050903","1.2487155199050903","1.6325900554656982","1.6325900554656982","1.6325900554656982","1.2528413534164429","1.2528413534164429","1.2528413534164429","1.085854172706604","1.085854172706604","1.085854172706604"
"5","1.309497594833374","1.309497594833374","1.309497594833374","1.6191655397415161","1.6191655397415161","1.6191655397415161","1.3877171277999878","1.3877171277999878","1.3877171277999878","1.1787246465682983","1.1787246465682983","1.1787246465682983"
"6","1.496100902557373","1.496100902557373","1.496100902557373","1.6549139022827148","1.6549139022827148","1.6549139022827148","1.4935704469680786","1.4935704469680786","1.4935704469680786","1.0611155033111572","1.0611155033111572","1.0611155033111572"
"7","1.4664959907531738","1.4664959907531738","1.4664959907531738","1.7049496173858643","1.7049496173858643","1.7049496173858643","1.556838035583496","1.556838035583496","1.556838035583496","1.1537688970565796","1.1537688970565796","1.1537688970565796"
"8","1.6985317468643188","1.6985317468643188","1.6985317468643188","1.6496226787567139","1.6496226787567139","1.6496226787567139","1.6581937074661255","1.6581937074661255","1.6581937074661255","1.1831551790237427","1.1831551790237427","1.1831551790237427"
"9","1.5719850063323975","1.5719850063323975","1.5719850063323975","1.680779218673706","1.680779218673706","1.680779218673706","1.7258055210113525","1.7258055210113525","1.7258055210113525","1.1385743618011475","1.1385743618011475","1.1385743618011475"
"10","1.6742106676101685","1.6742106676101685","1.6742106676101685","1.621617078781128","1.621617078781128","1.621617078781128","1.6791408061981201","1.6791408061981201","1.6791408061981201","1.1556835174560547","1.1556835174560547","1.1556835174560547"
"11","1.7163872718811035","1.7163872718811035","1.7163872718811035","1.7064740657806396","1.7064740657806396","1.7064740657806396","1.6626559495925903","1.6626559495925903","1.6626559495925903","1.1886844635009766","1.1886844635009766","1.1886844635009766"
"12","1.6810275316238403","1.6810275316238403","1.6810275316238403","1.6898765563964844","1.6898765563964844","1.6898765563964844","1.6567997932434082","1.6567997932434082","1.6567997932434082","1.3002653121948242","1.3002653121948242","1.3002653121948242"
"13","1.7302123308181763","1.7302123308181763","1.7302123308181763","1.641464114189148","1.641464114189148","1.641464114189148","1.6964799165725708","1.6964799165725708","1.6964799165725708","1.2127580642700195","1.2127580642700195","1.2127580642700195"
"14","1.7026097774505615","1.7026097774505615","1.7026097774505615","1.7178912162780762","1.7178912162780762","1.7178912162780762","1.6950502395629883","1.6950502395629883","1.6950502395629883","1.3937264680862427","1.3937264680862427","1.3937264680862427"
"15","1.729256510734558","1.729256510734558","1.729256510734558","1.7200098037719727","1.7200098037719727","1.7200098037719727","1.6518447399139404","1.6518447399139404","1.6518447399139404","1.3491511344909668","1.3491511344909668","1.3491511344909668"
"16","1.7297824621200562","1.7297824621200562","1.7297824621200562","1.6992216110229492","1.6992216110229492","1.6992216110229492","1.6980457305908203","1.6980457305908203","1.6980457305908203","1.412819504737854","1.412819504737854","1.412819504737854"
"17","1.7188934087753296","1.7188934087753296","1.7188934087753296","1.7385478019714355","1.7385478019714355","1.7385478019714355","1.7120516300201416","1.7120516300201416","1.7120516300201416","1.4482418298721313","1.4482418298721313","1.4482418298721313"
"18","1.727935791015625","1.727935791015625","1.727935791015625","1.7533539533615112","1.7533539533615112","1.7533539533615112","1.7273333072662354","1.7273333072662354","1.7273333072662354","1.446394920349121","1.446394920349121","1.446394920349121"
"19","1.753298044204712","1.753298044204712","1.753298044204712","1.761238932609558","1.761238932609558","1.761238932609558","1.7185388803482056","1.7185388803482056","1.7185388803482056","1.4487470388412476","1.4487470388412476","1.4487470388412476"
"20","1.711639404296875","1.711639404296875","1.711639404296875","1.7379698753356934","1.7379698753356934","1.7379698753356934","1.6795985698699951","1.6795985698699951","1.6795985698699951","1.5966718196868896","1.5966718196868896","1.5966718196868896"
"21","1.7271710634231567","1.7271710634231567","1.7271710634231567","1.6986325979232788","1.6986325979232788","1.6986325979232788","1.732594609260559","1.732594609260559","1.732594609260559","1.6016631126403809","1.6016631126403809","1.6016631126403809"
"22","1.610671877861023","1.610671877861023","1.610671877861023","1.6762924194335938","1.6762924194335938","1.6762924194335938","1.6669023036956787","1.6669023036956787","1.6669023036956787","1.464896321296692","1.464896321296692","1.464896321296692"
"23","1.709728717803955","1.709728717803955","1.709728717803955","1.7002038955688477","1.7002038955688477","1.7002038955688477","1.7161812782287598","1.7161812782287598","1.7161812782287598","1.5638461112976074","1.5638461112976074","1.5638461112976074"
"24","1.736430048942566","1.736430048942566","1.736430048942566","1.760140061378479","1.760140061378479","1.760140061378479","1.747060775756836","1.747060775756836","1.747060775756836","1.6082236766815186","1.6082236766815186","1.6082236766815186"
"25","1.7412705421447754","1.7412705421447754","1.7412705421447754","1.7220954895019531","1.7220954895019531","1.7220954895019531","1.7132556438446045","1.7132556438446045","1.7132556438446045","1.6070103645324707","1.6070103645324707","1.6070103645324707"
"26","1.744903802871704","1.744903802871704","1.744903802871704","1.7038253545761108","1.7038253545761108","1.7038253545761108","1.7120802402496338","1.7120802402496338","1.7120802402496338","1.6782171726226807","1.6782171726226807","1.6782171726226807"
"27","1.7078485488891602","1.7078485488891602","1.7078485488891602","1.7858800888061523","1.7858800888061523","1.7858800888061523","1.6829164028167725","1.6829164028167725","1.6829164028167725","1.7046778202056885","1.7046778202056885","1.7046778202056885"
"28","1.7114118337631226","1.7114118337631226","1.7114118337631226","1.72361159324646","1.72361159324646","1.72361159324646","1.771172046661377","1.771172046661377","1.771172046661377","1.6987491846084595","1.6987491846084595","1.6987491846084595"
"29","1.7500171661376953","1.7500171661376953","1.7500171661376953","1.7622469663619995","1.7622469663619995","1.7622469663619995","1.743710994720459","1.743710994720459","1.743710994720459","1.6876604557037354","1.6876604557037354","1.6876604557037354"
"30","1.7349188327789307","1.7349188327789307","1.7349188327789307","1.71012544631958","1.71012544631958","1.71012544631958","1.704283595085144","1.704283595085144","1.704283595085144","1.6836084127426147","1.6836084127426147","1.6836084127426147"
"31","1.733636736869812","1.733636736869812","1.733636736869812","1.7243378162384033","1.7243378162384033","1.7243378162384033","1.7434148788452148","1.7434148788452148","1.7434148788452148","1.7287399768829346","1.7287399768829346","1.7287399768829346"
"32","1.7320172786712646","1.7320172786712646","1.7320172786712646","1.724448800086975","1.724448800086975","1.724448800086975","1.7443859577178955","1.7443859577178955","1.7443859577178955","1.6968584060668945","1.6968584060668945","1.6968584060668945"
"33","1.7778146266937256","1.7778146266937256","1.7778146266937256","1.72849440574646","1.72849440574646","1.72849440574646","1.7406789064407349","1.7406789064407349","1.7406789064407349","1.6808266639709473","1.6808266639709473","1.6808266639709473"
"34","1.7118167877197266","1.7118167877197266","1.7118167877197266","1.7058427333831787","1.7058427333831787","1.7058427333831787","1.7334208488464355","1.7334208488464355","1.7334208488464355","1.6609344482421875","1.6609344482421875","1.6609344482421875"
"35","1.7211120128631592","1.7211120128631592","1.7211120128631592","1.7808666229248047","1.7808666229248047","1.7808666229248047","1.7083353996276855","1.7083353996276855","1.7083353996276855","1.629350185394287","1.629350185394287","1.629350185394287"
"36","1.6898316144943237","1.6898316144943237","1.6898316144943237","1.7651450634002686","1.7651450634002686","1.7651450634002686","1.749135136604309","1.749135136604309","1.749135136604309","1.7487318515777588","1.7487318515777588","1.7487318515777588"
"37","1.7040789127349854","1.7040789127349854","1.7040789127349854","1.730492115020752","1.730492115020752","1.730492115020752","1.758676528930664","1.758676528930664","1.758676528930664","1.7227990627288818","1.7227990627288818","1.7227990627288818"
"38","1.6827871799468994","1.6827871799468994","1.6827871799468994","1.741545557975769","1.741545557975769","1.741545557975769","1.7922542095184326","1.7922542095184326","1.7922542095184326","1.6411354541778564","1.6411354541778564","1.6411354541778564"
"39","1.726154088973999","1.726154088973999","1.726154088973999","1.713921308517456","1.713921308517456","1.713921308517456","1.7376389503479004","1.7376389503479004","1.7376389503479004","1.6734793186187744","1.6734793186187744","1.6734793186187744"
"40","1.764822244644165","1.764822244644165","1.764822244644165","1.6889164447784424","1.6889164447784424","1.6889164447784424","1.7276962995529175","1.7276962995529175","1.7276962995529175","1.7190954685211182","1.7190954685211182","1.7190954685211182"
"41","1.7462109327316284","1.7462109327316284","1.7462109327316284","1.7463970184326172","1.7463970184326172","1.7463970184326172","1.7260798215866089","1.7260798215866089","1.7260798215866089","1.766939401626587","1.766939401626587","1.766939401626587"
"42","1.728542685508728","1.728542685508728","1.728542685508728","1.7282322645187378","1.7282322645187378","1.7282322645187378","1.6974506378173828","1.6974506378173828","1.6974506378173828","1.74161958694458","1.74161958694458","1.74161958694458"
"43","1.7421560287475586","1.7421560287475586","1.7421560287475586","1.7290083169937134","1.7290083169937134","1.7290083169937134","1.758973479270935","1.758973479270935","1.758973479270935","1.7158163785934448","1.7158163785934448","1.7158163785934448"
"44","1.7367883920669556","1.7367883920669556","1.7367883920669556","1.7505972385406494","1.7505972385406494","1.7505972385406494","1.7379813194274902","1.7379813194274902","1.7379813194274902","1.7555100917816162","1.7555100917816162","1.7555100917816162"
"45","1.772123098373413","1.772123098373413","1.772123098373413","1.7175511121749878","1.7175511121749878","1.7175511121749878","1.7221627235412598","1.7221627235412598","1.7221627235412598","1.699164867401123","1.699164867401123","1.699164867401123"
"46","1.6943910121917725","1.6943910121917725","1.6943910121917725","1.7479355335235596","1.7479355335235596","1.7479355335235596","1.7510852813720703","1.7510852813720703","1.7510852813720703","1.7412011623382568","1.7412011623382568","1.7412011623382568"
"47","1.7673265933990479","1.7673265933990479","1.7673265933990479","1.7922918796539307","1.7922918796539307","1.7922918796539307","1.6718827486038208","1.6718827486038208","1.6718827486038208","1.6979596614837646","1.6979596614837646","1.6979596614837646"
"48","1.7118923664093018","1.7118923664093018","1.7118923664093018","1.7843127250671387","1.7843127250671387","1.7843127250671387","1.7012540102005005","1.7012540102005005","1.7012540102005005","1.6966660022735596","1.6966660022735596","1.6966660022735596"
"49","1.7498369216918945","1.7498369216918945","1.7498369216918945","1.7494592666625977","1.7494592666625977","1.7494592666625977","1.767596960067749","1.767596960067749","1.767596960067749","1.7504183053970337","1.7504183053970337","1.7504183053970337"
"50","1.773356556892395","1.773356556892395","1.773356556892395","1.7574779987335205","1.7574779987335205","1.7574779987335205","1.71731436252594","1.71731436252594","1.71731436252594","1.7222357988357544","1.7222357988357544","1.7222357988357544"
"51","1.7409864664077759","1.7409864664077759","1.7409864664077759","1.7714812755584717","1.7714812755584717","1.7714812755584717","1.7020343542099","1.7020343542099","1.7020343542099","1.724961519241333","1.724961519241333","1.724961519241333"
"52","1.7610433101654053","1.7610433101654053","1.7610433101654053","1.7291303873062134","1.7291303873062134","1.7291303873062134","1.6988378763198853","1.6988378763198853","1.6988378763198853","1.7261725664138794","1.7261725664138794","1.7261725664138794"
"53","1.7471508979797363","1.7471508979797363","1.7471508979797363","1.6923389434814453","1.6923389434814453","1.6923389434814453","1.7484601736068726","1.7484601736068726","1.7484601736068726","1.7302178144454956","1.7302178144454956","1.7302178144454956"
"54","1.6776238679885864","1.6776238679885864","1.6776238679885864","1.7735693454742432","1.7735693454742432","1.7735693454742432","1.7466137409210205","1.7466137409210205","1.7466137409210205","1.6823508739471436","1.6823508739471436","1.6823508739471436"
"55","1.7343488931655884","1.7343488931655884","1.7343488931655884","1.7485437393188477","1.7485437393188477","1.7485437393188477","1.7364706993103027","1.7364706993103027","1.7364706993103027","1.7259504795074463","1.7259504795074463","1.7259504795074463"
"56","1.7737289667129517","1.7737289667129517","1.7737289667129517","1.7873380184173584","1.7873380184173584","1.7873380184173584","1.7388739585876465","1.7388739585876465","1.7388739585876465","1.7441340684890747","1.7441340684890747","1.7441340684890747"
"57","1.756147861480713","1.756147861480713","1.756147861480713","1.7666902542114258","1.7666902542114258","1.7666902542114258","1.7339105606079102","1.7339105606079102","1.7339105606079102","1.6986348628997803","1.6986348628997803","1.6986348628997803"
"58","1.7244107723236084","1.7244107723236084","1.7244107723236084","1.7679959535598755","1.7679959535598755","1.7679959535598755","1.7644932270050049","1.7644932270050049","1.7644932270050049","1.716722011566162","1.716722011566162","1.716722011566162"
"59","1.7298412322998047","1.7298412322998047","1.7298412322998047","1.6924211978912354","1.6924211978912354","1.6924211978912354","1.7991729974746704","1.7991729974746704","1.7991729974746704","1.7046300172805786","1.7046300172805786","1.7046300172805786"
"60","1.7528479099273682","1.7528479099273682","1.7528479099273682","1.7667104005813599","1.7667104005813599","1.7667104005813599","1.7102890014648438","1.7102890014648438","1.7102890014648438","1.7228894233703613","1.7228894233703613","1.7228894233703613"
"61","1.735674262046814","1.735674262046814","1.735674262046814","1.7085365056991577","1.7085365056991577","1.7085365056991577","1.7629812955856323","1.7629812955856323","1.7629812955856323","1.6944369077682495","1.6944369077682495","1.6944369077682495"
"62","1.7627358436584473","1.7627358436584473","1.7627358436584473","1.7317619323730469","1.7317619323730469","1.7317619323730469","1.7228277921676636","1.7228277921676636","1.7228277921676636","1.751708984375","1.751708984375","1.751708984375"
"63","1.7339493036270142","1.7339493036270142","1.7339493036270142","1.7287801504135132","1.7287801504135132","1.7287801504135132","1.7160320281982422","1.7160320281982422","1.7160320281982422","1.7640546560287476","1.7640546560287476","1.7640546560287476"
"64","1.6999200582504272","1.6999200582504272","1.6999200582504272","1.7394962310791016","1.7394962310791016","1.7394962310791016","1.7711539268493652","1.7711539268493652","1.7711539268493652","1.704153060913086","1.704153060913086","1.704153060913086"
"65","1.7185335159301758","1.7185335159301758","1.7185335159301758","1.7709355354309082","1.7709355354309082","1.7709355354309082","1.7208046913146973","1.7208046913146973","1.7208046913146973","1.6918201446533203","1.6918201446533203","1.6918201446533203"
"66","1.7018250226974487","1.7018250226974487","1.7018250226974487","1.7485876083374023","1.7485876083374023","1.7485876083374023","1.7632229328155518","1.7632229328155518","1.7632229328155518","1.7013285160064697","1.7013285160064697","1.7013285160064697"
"67","1.790347933769226","1.790347933769226","1.790347933769226","1.769575834274292","1.769575834274292","1.769575834274292","1.7119505405426025","1.7119505405426025","1.7119505405426025","1.7036561965942383","1.7036561965942383","1.7036561965942383"
"68","1.7395648956298828","1.7395648956298828","1.7395648956298828","1.754185438156128","1.754185438156128","1.754185438156128","1.7220269441604614","1.7220269441604614","1.7220269441604614","1.7050886154174805","1.7050886154174805","1.7050886154174805"
"69","1.7845845222473145","1.7845845222473145","1.7845845222473145","1.7608693838119507","1.7608693838119507","1.7608693838119507","1.7467647790908813","1.7467647790908813","1.7467647790908813","1.7430981397628784","1.7430981397628784","1.7430981397628784"
"70","1.7868423461914062","1.7868423461914062","1.7868423461914062","1.733281135559082","1.733281135559082","1.733281135559082","1.745734453201294","1.745734453201294","1.745734453201294","1.7047425508499146","1.7047425508499146","1.7047425508499146"
"71","1.7294504642486572","1.7294504642486572","1.7294504642486572","1.765638828277588","1.765638828277588","1.765638828277588","1.7469329833984375","1.7469329833984375","1.7469329833984375","1.7112574577331543","1.7112574577331543","1.7112574577331543"
"72","1.7058327198028564","1.7058327198028564","1.7058327198028564","1.7684718370437622","1.7684718370437622","1.7684718370437622","1.7537150382995605","1.7537150382995605","1.7537150382995605","1.7603737115859985","1.7603737115859985","1.7603737115859985"
"73","1.7698051929473877","1.7698051929473877","1.7698051929473877","1.7717026472091675","1.7717026472091675","1.7717026472091675","1.7076252698898315","1.7076252698898315","1.7076252698898315","1.7142415046691895","1.7142415046691895","1.7142415046691895"
"74","1.7312849760055542","1.7312849760055542","1.7312849760055542","1.7647342681884766","1.7647342681884766","1.7647342681884766","1.7374281883239746","1.7374281883239746","1.7374281883239746","1.6733263731002808","1.6733263731002808","1.6733263731002808"
"75","1.7382287979125977","1.7382287979125977","1.7382287979125977","1.767225742340088","1.767225742340088","1.767225742340088","1.7626559734344482","1.7626559734344482","1.7626559734344482","1.6817424297332764","1.6817424297332764","1.6817424297332764"
"76","1.684617280960083","1.684617280960083","1.684617280960083","1.7257063388824463","1.7257063388824463","1.7257063388824463","1.7812780141830444","1.7812780141830444","1.7812780141830444","1.7626930475234985","1.7626930475234985","1.7626930475234985"
"77","1.7313895225524902","1.7313895225524902","1.7313895225524902","1.6326122283935547","1.6326122283935547","1.6326122283935547","1.7780108451843262","1.7780108451843262","1.7780108451843262","1.6675752401351929","1.6675752401351929","1.6675752401351929"
"78","1.7441792488098145","1.7441792488098145","1.7441792488098145","1.711996078491211","1.711996078491211","1.711996078491211","1.7571566104888916","1.7571566104888916","1.7571566104888916","1.760340929031372","1.760340929031372","1.760340929031372"
"79","1.7285597324371338","1.7285597324371338","1.7285597324371338","1.7781412601470947","1.7781412601470947","1.7781412601470947","1.7803529500961304","1.7803529500961304","1.7803529500961304","1.7575702667236328","1.7575702667236328","1.7575702667236328"
"80","1.733615756034851","1.733615756034851","1.733615756034851","1.8016088008880615","1.8016088008880615","1.8016088008880615","1.749314546585083","1.749314546585083","1.749314546585083","1.7511348724365234","1.7511348724365234","1.7511348724365234"
"81","1.7794405221939087","1.7794405221939087","1.7794405221939087","1.7471246719360352","1.7471246719360352","1.7471246719360352","1.7090308666229248","1.7090308666229248","1.7090308666229248","1.7014656066894531","1.7014656066894531","1.7014656066894531"
"82","1.7522190809249878","1.7522190809249878","1.7522190809249878","1.7642886638641357","1.7642886638641357","1.7642886638641357","1.7727375030517578","1.7727375030517578","1.7727375030517578","1.7445274591445923","1.7445274591445923","1.7445274591445923"
"83","1.7668356895446777","1.7668356895446777","1.7668356895446777","1.8042073249816895","1.8042073249816895","1.8042073249816895","1.7543233633041382","1.7543233633041382","1.7543233633041382","1.719986915588379","1.719986915588379","1.719986915588379"
"84","1.744837999343872","1.744837999343872","1.744837999343872","1.7409954071044922","1.7409954071044922","1.7409954071044922","1.72664213180542","1.72664213180542","1.72664213180542","1.7730958461761475","1.7730958461761475","1.7730958461761475"
"85","1.7262904644012451","1.7262904644012451","1.7262904644012451","1.7035423517227173","1.7035423517227173","1.7035423517227173","1.7784409523010254","1.7784409523010254","1.7784409523010254","1.741830587387085","1.741830587387085","1.741830587387085"
"86","1.7289646863937378","1.7289646863937378","1.7289646863937378","1.7559047937393188","1.7559047937393188","1.7559047937393188","1.7432297468185425","1.7432297468185425","1.7432297468185425","1.7303118705749512","1.7303118705749512","1.7303118705749512"
"87","1.750024676322937","1.750024676322937","1.750024676322937","1.751360297203064","1.751360297203064","1.751360297203064","1.723292350769043","1.723292350769043","1.723292350769043","1.6732685565948486","1.6732685565948486","1.6732685565948486"
"88","1.701457142829895","1.701457142829895","1.701457142829895","1.7546212673187256","1.7546212673187256","1.7546212673187256","1.7663650512695312","1.7663650512695312","1.7663650512695312","1.6803908348083496","1.6803908348083496","1.6803908348083496"
"89","1.7265878915786743","1.7265878915786743","1.7265878915786743","1.7634620666503906","1.7634620666503906","1.7634620666503906","1.8094589710235596","1.8094589710235596","1.8094589710235596","1.711280345916748","1.711280345916748","1.711280345916748"
"90","1.7920023202896118","1.7920023202896118","1.7920023202896118","1.7721490859985352","1.7721490859985352","1.7721490859985352","1.77116060256958","1.77116060256958","1.77116060256958","1.6887266635894775","1.6887266635894775","1.6887266635894775"
"91","1.772746205329895","1.772746205329895","1.772746205329895","1.7539117336273193","1.7539117336273193","1.7539117336273193","1.7662066221237183","1.7662066221237183","1.7662066221237183","1.6943774223327637","1.6943774223327637","1.6943774223327637"
"92","1.7308363914489746","1.7308363914489746","1.7308363914489746","1.7354748249053955","1.7354748249053955","1.7354748249053955","1.7976982593536377","1.7976982593536377","1.7976982593536377","1.7319375276565552","1.7319375276565552","1.7319375276565552"
"93","1.749190092086792","1.749190092086792","1.749190092086792","1.7504733800888062","1.7504733800888062","1.7504733800888062","1.7886370420455933","1.7886370420455933","1.7886370420455933","1.7196154594421387","1.7196154594421387","1.7196154594421387"
"94","1.7459467649459839","1.7459467649459839","1.7459467649459839","1.7440998554229736","1.7440998554229736","1.7440998554229736","1.7189643383026123","1.7189643383026123","1.7189643383026123","1.711748719215393","1.711748719215393","1.711748719215393"
"95","1.760115146636963","1.760115146636963","1.760115146636963","1.7731142044067383","1.7731142044067383","1.7731142044067383","1.7815272808074951","1.7815272808074951","1.7815272808074951","1.7425994873046875","1.7425994873046875","1.7425994873046875"
"96","1.7643967866897583","1.7643967866897583","1.7643967866897583","1.8019933700561523","1.8019933700561523","1.8019933700561523","1.7797441482543945","1.7797441482543945","1.7797441482543945","1.7408382892608643","1.7408382892608643","1.7408382892608643"
"97","1.7057697772979736","1.7057697772979736","1.7057697772979736","1.7746164798736572","1.7746164798736572","1.7746164798736572","1.7651667594909668","1.7651667594909668","1.7651667594909668","1.6643935441970825","1.6643935441970825","1.6643935441970825"
"98","1.76809823513031","1.76809823513031","1.76809823513031","1.78045654296875","1.78045654296875","1.78045654296875","1.7234203815460205","1.7234203815460205","1.7234203815460205","1.718777060508728","1.718777060508728","1.718777060508728"
"99","1.7613263130187988","1.7613263130187988","1.7613263130187988","1.790903091430664","1.790903091430664","1.790903091430664","1.7898519039154053","1.7898519039154053","1.7898519039154053","1.760504961013794","1.760504961013794","1.760504961013794"
"100","1.7581361532211304","1.7581361532211304","1.7581361532211304","1.7374900579452515","1.7374900579452515","1.7374900579452515","1.7588468790054321","1.7588468790054321","1.7588468790054321","1.6795454025268555","1.6795454025268555","1.6795454025268555"
"101","1.7604643106460571","1.7604643106460571","1.7604643106460571","1.783160924911499","1.783160924911499","1.783160924911499","1.763014316558838","1.763014316558838","1.763014316558838","1.641854166984558","1.641854166984558","1.641854166984558"
"102","1.6984033584594727","1.6984033584594727","1.6984033584594727","1.7868773937225342","1.7868773937225342","1.7868773937225342","1.7223559617996216","1.7223559617996216","1.7223559617996216","1.73845374584198","1.73845374584198","1.73845374584198"
"103","1.765205979347229","1.765205979347229","1.765205979347229","1.7654001712799072","1.7654001712799072","1.7654001712799072","1.7482948303222656","1.7482948303222656","1.7482948303222656","1.7710189819335938","1.7710189819335938","1.7710189819335938"
"104","1.7243196964263916","1.7243196964263916","1.7243196964263916","1.759971022605896","1.759971022605896","1.759971022605896","1.7410067319869995","1.7410067319869995","1.7410067319869995","1.682145357131958","1.682145357131958","1.682145357131958"
"105","1.7549991607666016","1.7549991607666016","1.7549991607666016","1.7253162860870361","1.7253162860870361","1.7253162860870361","1.76076340675354","1.76076340675354","1.76076340675354","1.7192606925964355","1.7192606925964355","1.7192606925964355"
"106","1.75955069065094","1.75955069065094","1.75955069065094","1.7660696506500244","1.7660696506500244","1.7660696506500244","1.7471421957015991","1.7471421957015991","1.7471421957015991","1.7414007186889648","1.7414007186889648","1.7414007186889648"
"107","1.7573353052139282","1.7573353052139282","1.7573353052139282","1.7390893697738647","1.7390893697738647","1.7390893697738647","1.7334425449371338","1.7334425449371338","1.7334425449371338","1.7527884244918823","1.7527884244918823","1.7527884244918823"
"108","1.71980881690979","1.71980881690979","1.71980881690979","1.7170482873916626","1.7170482873916626","1.7170482873916626","1.7235628366470337","1.7235628366470337","1.7235628366470337","1.7640838623046875","1.7640838623046875","1.7640838623046875"
"109","1.754947304725647","1.754947304725647","1.754947304725647","1.7529268264770508","1.7529268264770508","1.7529268264770508","1.7559123039245605","1.7559123039245605","1.7559123039245605","1.8040921688079834","1.8040921688079834","1.8040921688079834"
"110","1.7837320566177368","1.7837320566177368","1.7837320566177368","1.7396812438964844","1.7396812438964844","1.7396812438964844","1.7736804485321045","1.7736804485321045","1.7736804485321045","1.732743501663208","1.732743501663208","1.732743501663208"
"111","1.7589001655578613","1.7589001655578613","1.7589001655578613","1.738877296447754","1.738877296447754","1.738877296447754","1.7289363145828247","1.7289363145828247","1.7289363145828247","1.6927731037139893","1.6927731037139893","1.6927731037139893"
"112","1.7103074789047241","1.7103074789047241","1.7103074789047241","1.8208311796188354","1.8208311796188354","1.8208311796188354","1.7804021835327148","1.7804021835327148","1.7804021835327148","1.7437217235565186","1.7437217235565186","1.7437217235565186"
"113","1.736385464668274","1.736385464668274","1.736385464668274","1.7817105054855347","1.7817105054855347","1.7817105054855347","1.7493371963500977","1.7493371963500977","1.7493371963500977","1.750347375869751","1.750347375869751","1.750347375869751"
"114","1.7523475885391235","1.7523475885391235","1.7523475885391235","1.8011500835418701","1.8011500835418701","1.8011500835418701","1.7596110105514526","1.7596110105514526","1.7596110105514526","1.6921610832214355","1.6921610832214355","1.6921610832214355"
"115","1.742258906364441","1.742258906364441","1.742258906364441","1.7822837829589844","1.7822837829589844","1.7822837829589844","1.8119187355041504","1.8119187355041504","1.8119187355041504","1.7212750911712646","1.7212750911712646","1.7212750911712646"
"116","1.7243461608886719","1.7243461608886719","1.7243461608886719","1.7502394914627075","1.7502394914627075","1.7502394914627075","1.7494090795516968","1.7494090795516968","1.7494090795516968","1.6831245422363281","1.6831245422363281","1.6831245422363281"
"117","1.7661546468734741","1.7661546468734741","1.7661546468734741","1.7417391538619995","1.7417391538619995","1.7417391538619995","1.754568338394165","1.754568338394165","1.754568338394165","1.7225512266159058","1.7225512266159058","1.7225512266159058"
"118","1.7815344333648682","1.7815344333648682","1.7815344333648682","1.753077745437622","1.753077745437622","1.753077745437622","1.785688877105713","1.785688877105713","1.785688877105713","1.7275512218475342","1.7275512218475342","1.7275512218475342"
"119","1.771342396736145","1.771342396736145","1.771342396736145","1.7742043733596802","1.7742043733596802","1.7742043733596802","1.7135603427886963","1.7135603427886963","1.7135603427886963","1.7231862545013428","1.7231862545013428","1.7231862545013428"
"120","1.7633382081985474","1.7633382081985474","1.7633382081985474","1.7284481525421143","1.7284481525421143","1.7284481525421143","1.8012410402297974","1.8012410402297974","1.8012410402297974","1.7465424537658691","1.7465424537658691","1.7465424537658691"
"121","1.7691144943237305","1.7691144943237305","1.7691144943237305","1.7612818479537964","1.7612818479537964","1.7612818479537964","1.7464478015899658","1.7464478015899658","1.7464478015899658","1.7205207347869873","1.7205207347869873","1.7205207347869873"
"122","1.7314757108688354","1.7314757108688354","1.7314757108688354","1.7670108079910278","1.7670108079910278","1.7670108079910278","1.7517708539962769","1.7517708539962769","1.7517708539962769","1.7248331308364868","1.7248331308364868","1.7248331308364868"
"123","1.7498564720153809","1.7498564720153809","1.7498564720153809","1.7798502445220947","1.7798502445220947","1.7798502445220947","1.729758620262146","1.729758620262146","1.729758620262146","1.7161965370178223","1.7161965370178223","1.7161965370178223"
"124","1.7432523965835571","1.7432523965835571","1.7432523965835571","1.7409756183624268","1.7409756183624268","1.7409756183624268","1.726618766784668","1.726618766784668","1.726618766784668","1.7440086603164673","1.7440086603164673","1.7440086603164673"
"125","1.7553980350494385","1.7553980350494385","1.7553980350494385","1.8052417039871216","1.8052417039871216","1.8052417039871216","1.743637204170227","1.743637204170227","1.743637204170227","1.7093980312347412","1.7093980312347412","1.7093980312347412"
"126","1.7410154342651367","1.7410154342651367","1.7410154342651367","1.7602338790893555","1.7602338790893555","1.7602338790893555","1.7443814277648926","1.7443814277648926","1.7443814277648926","1.7561010122299194","1.7561010122299194","1.7561010122299194"
"127","1.8109688758850098","1.8109688758850098","1.8109688758850098","1.7807972431182861","1.7807972431182861","1.7807972431182861","1.7474156618118286","1.7474156618118286","1.7474156618118286","1.7428054809570312","1.7428054809570312","1.7428054809570312"
"128","1.7484420537948608","1.7484420537948608","1.7484420537948608","1.7460474967956543","1.7460474967956543","1.7460474967956543","1.7109532356262207","1.7109532356262207","1.7109532356262207","1.762491226196289","1.762491226196289","1.762491226196289"
"129","1.7488069534301758","1.7488069534301758","1.7488069534301758","1.789247989654541","1.789247989654541","1.789247989654541","1.685492753982544","1.685492753982544","1.685492753982544","1.7040350437164307","1.7040350437164307","1.7040350437164307"
"130","1.7216668128967285","1.7216668128967285","1.7216668128967285","1.7814863920211792","1.7814863920211792","1.7814863920211792","1.6889872550964355","1.6889872550964355","1.6889872550964355","1.6766763925552368","1.6766763925552368","1.6766763925552368"
"131","1.7138692140579224","1.7138692140579224","1.7138692140579224","1.7929487228393555","1.7929487228393555","1.7929487228393555","1.7335689067840576","1.7335689067840576","1.7335689067840576","1.7315073013305664","1.7315073013305664","1.7315073013305664"
"132","1.7787175178527832","1.7787175178527832","1.7787175178527832","1.7711411714553833","1.7711411714553833","1.7711411714553833","1.7060670852661133","1.7060670852661133","1.7060670852661133","1.737591028213501","1.737591028213501","1.737591028213501"
"133","1.754549503326416","1.754549503326416","1.754549503326416","1.739901065826416","1.739901065826416","1.739901065826416","1.7483183145523071","1.7483183145523071","1.7483183145523071","1.7724530696868896","1.7724530696868896","1.7724530696868896"
"134","1.7392300367355347","1.7392300367355347","1.7392300367355347","1.787246823310852","1.787246823310852","1.787246823310852","1.741093397140503","1.741093397140503","1.741093397140503","1.6812199354171753","1.6812199354171753","1.6812199354171753"
"135","1.7372772693634033","1.7372772693634033","1.7372772693634033","1.7207261323928833","1.7207261323928833","1.7207261323928833","1.7467228174209595","1.7467228174209595","1.7467228174209595","1.7540098428726196","1.7540098428726196","1.7540098428726196"
"136","1.7681852579116821","1.7681852579116821","1.7681852579116821","1.7725563049316406","1.7725563049316406","1.7725563049316406","1.782616376876831","1.782616376876831","1.782616376876831","1.6920104026794434","1.6920104026794434","1.6920104026794434"
"137","1.7391254901885986","1.7391254901885986","1.7391254901885986","1.7599117755889893","1.7599117755889893","1.7599117755889893","1.7644505500793457","1.7644505500793457","1.7644505500793457","1.6815465688705444","1.6815465688705444","1.6815465688705444"
"138","1.7642149925231934","1.7642149925231934","1.7642149925231934","1.7492425441741943","1.7492425441741943","1.7492425441741943","1.7510734796524048","1.7510734796524048","1.7510734796524048","1.7104432582855225","1.7104432582855225","1.7104432582855225"
"139","1.7630369663238525","1.7630369663238525","1.7630369663238525","1.755946397781372","1.755946397781372","1.755946397781372","1.794399619102478","1.794399619102478","1.794399619102478","1.732375979423523","1.732375979423523","1.732375979423523"
"140","1.6975066661834717","1.6975066661834717","1.6975066661834717","1.799773931503296","1.799773931503296","1.799773931503296","1.7047383785247803","1.7047383785247803","1.7047383785247803","1.6502001285552979","1.6502001285552979","1.6502001285552979"
"141","1.7910025119781494","1.7910025119781494","1.7910025119781494","1.77265202999115","1.77265202999115","1.77265202999115","1.751248836517334","1.751248836517334","1.751248836517334","1.729353427886963","1.729353427886963","1.729353427886963"
"142","1.8043029308319092","1.8043029308319092","1.8043029308319092","1.7866740226745605","1.7866740226745605","1.7866740226745605","1.7995662689208984","1.7995662689208984","1.7995662689208984","1.7712986469268799","1.7712986469268799","1.7712986469268799"
"143","1.7491090297698975","1.7491090297698975","1.7491090297698975","1.7797505855560303","1.7797505855560303","1.7797505855560303","1.6836450099945068","1.6836450099945068","1.6836450099945068","1.715519666671753","1.715519666671753","1.715519666671753"
"144","1.7528736591339111","1.7528736591339111","1.7528736591339111","1.7667316198349","1.7667316198349","1.7667316198349","1.7700331211090088","1.7700331211090088","1.7700331211090088","1.75546133518219","1.75546133518219","1.75546133518219"
"145","1.769700527191162","1.769700527191162","1.769700527191162","1.7584713697433472","1.7584713697433472","1.7584713697433472","1.7675590515136719","1.7675590515136719","1.7675590515136719","1.7385787963867188","1.7385787963867188","1.7385787963867188"
"146","1.7480272054672241","1.7480272054672241","1.7480272054672241","1.8161075115203857","1.8161075115203857","1.8161075115203857","1.7861074209213257","1.7861074209213257","1.7861074209213257","1.7185227870941162","1.7185227870941162","1.7185227870941162"
"147","1.7179417610168457","1.7179417610168457","1.7179417610168457","1.7823946475982666","1.7823946475982666","1.7823946475982666","1.7149251699447632","1.7149251699447632","1.7149251699447632","1.6801471710205078","1.6801471710205078","1.6801471710205078"
"148","1.7358644008636475","1.7358644008636475","1.7358644008636475","1.7517657279968262","1.7517657279968262","1.7517657279968262","1.7367697954177856","1.7367697954177856","1.7367697954177856","1.713200330734253","1.713200330734253","1.713200330734253"
"149","1.7483954429626465","1.7483954429626465","1.7483954429626465","1.7674994468688965","1.7674994468688965","1.7674994468688965","1.7611080408096313","1.7611080408096313","1.7611080408096313","1.7172996997833252","1.7172996997833252","1.7172996997833252"
"150","1.7525339126586914","1.7525339126586914","1.7525339126586914","1.7784388065338135","1.7784388065338135","1.7784388065338135","1.7206237316131592","1.7206237316131592","1.7206237316131592","1.7257107496261597","1.7257107496261597","1.7257107496261597"
"151","1.7477056980133057","1.7477056980133057","1.7477056980133057","1.8012595176696777","1.8012595176696777","1.8012595176696777","1.7604893445968628","1.7604893445968628","1.7604893445968628","1.7062969207763672","1.7062969207763672","1.7062969207763672"
"152","1.7589011192321777","1.7589011192321777","1.7589011192321777","1.788506269454956","1.788506269454956","1.788506269454956","1.7316629886627197","1.7316629886627197","1.7316629886627197","1.7652934789657593","1.7652934789657593","1.7652934789657593"
"153","1.7620503902435303","1.7620503902435303","1.7620503902435303","1.7707273960113525","1.7707273960113525","1.7707273960113525","1.7934801578521729","1.7934801578521729","1.7934801578521729","1.7357568740844727","1.7357568740844727","1.7357568740844727"
"154","1.7539584636688232","1.7539584636688232","1.7539584636688232","1.785962462425232","1.785962462425232","1.785962462425232","1.7321772575378418","1.7321772575378418","1.7321772575378418","1.735167384147644","1.735167384147644","1.735167384147644"
"155","1.7301499843597412","1.7301499843597412","1.7301499843597412","1.796573281288147","1.796573281288147","1.796573281288147","1.7878072261810303","1.7878072261810303","1.7878072261810303","1.7460235357284546","1.7460235357284546","1.7460235357284546"
"156","1.763967514038086","1.763967514038086","1.763967514038086","1.770646095275879","1.770646095275879","1.770646095275879","1.7261018753051758","1.7261018753051758","1.7261018753051758","1.6690874099731445","1.6690874099731445","1.6690874099731445"
"157","1.7685797214508057","1.7685797214508057","1.7685797214508057","1.7973517179489136","1.7973517179489136","1.7973517179489136","1.7937464714050293","1.7937464714050293","1.7937464714050293","1.7611238956451416","1.7611238956451416","1.7611238956451416"
"158","1.773045301437378","1.773045301437378","1.773045301437378","1.7672191858291626","1.7672191858291626","1.7672191858291626","1.7492680549621582","1.7492680549621582","1.7492680549621582","1.6888997554779053","1.6888997554779053","1.6888997554779053"
"159","1.7588562965393066","1.7588562965393066","1.7588562965393066","1.7753092050552368","1.7753092050552368","1.7753092050552368","1.7310261726379395","1.7310261726379395","1.7310261726379395","1.7582058906555176","1.7582058906555176","1.7582058906555176"
"160","1.7345356941223145","1.7345356941223145","1.7345356941223145","1.7892742156982422","1.7892742156982422","1.7892742156982422","1.7589571475982666","1.7589571475982666","1.7589571475982666","1.6911711692810059","1.6911711692810059","1.6911711692810059"
"161","1.7530229091644287","1.7530229091644287","1.7530229091644287","1.798198938369751","1.798198938369751","1.798198938369751","1.7288122177124023","1.7288122177124023","1.7288122177124023","1.7085072994232178","1.7085072994232178","1.7085072994232178"
"162","1.6975910663604736","1.6975910663604736","1.6975910663604736","1.783760666847229","1.783760666847229","1.783760666847229","1.7804930210113525","1.7804930210113525","1.7804930210113525","1.7454570531845093","1.7454570531845093","1.7454570531845093"
"163","1.7663724422454834","1.7663724422454834","1.7663724422454834","1.769639015197754","1.769639015197754","1.769639015197754","1.7658488750457764","1.7658488750457764","1.7658488750457764","1.7360849380493164","1.7360849380493164","1.7360849380493164"
"164","1.7827216386795044","1.7827216386795044","1.7827216386795044","1.759747862815857","1.759747862815857","1.759747862815857","1.7424603700637817","1.7424603700637817","1.7424603700637817","1.743481993675232","1.743481993675232","1.743481993675232"
"165","1.7673380374908447","1.7673380374908447","1.7673380374908447","1.7937694787979126","1.7937694787979126","1.7937694787979126","1.7482266426086426","1.7482266426086426","1.7482266426086426","1.7136564254760742","1.7136564254760742","1.7136564254760742"
"166","1.7787858247756958","1.7787858247756958","1.7787858247756958","1.7732503414154053","1.7732503414154053","1.7732503414154053","1.7894165515899658","1.7894165515899658","1.7894165515899658","1.7135831117630005","1.7135831117630005","1.7135831117630005"
"167","1.7446247339248657","1.7446247339248657","1.7446247339248657","1.6927902698516846","1.6927902698516846","1.6927902698516846","1.7464089393615723","1.7464089393615723","1.7464089393615723","1.7048519849777222","1.7048519849777222","1.7048519849777222"
"168","1.8008966445922852","1.8008966445922852","1.8008966445922852","1.7698191404342651","1.7698191404342651","1.7698191404342651","1.7708861827850342","1.7708861827850342","1.7708861827850342","1.7323144674301147","1.7323144674301147","1.7323144674301147"
"169","1.746476650238037","1.746476650238037","1.746476650238037","1.7760612964630127","1.7760612964630127","1.7760612964630127","1.7678536176681519","1.7678536176681519","1.7678536176681519","1.711747407913208","1.711747407913208","1.711747407913208"
"170","1.6981898546218872","1.6981898546218872","1.6981898546218872","1.7920770645141602","1.7920770645141602","1.7920770645141602","1.7595582008361816","1.7595582008361816","1.7595582008361816","1.698746919631958","1.698746919631958","1.698746919631958"
"171","1.6718868017196655","1.6718868017196655","1.6718868017196655","1.7655797004699707","1.7655797004699707","1.7655797004699707","1.7772691249847412","1.7772691249847412","1.7772691249847412","1.7095013856887817","1.7095013856887817","1.7095013856887817"
"172","1.7504059076309204","1.7504059076309204","1.7504059076309204","1.7871735095977783","1.7871735095977783","1.7871735095977783","1.774775505065918","1.774775505065918","1.774775505065918","1.7003322839736938","1.7003322839736938","1.7003322839736938"
"173","1.7826666831970215","1.7826666831970215","1.7826666831970215","1.7846965789794922","1.7846965789794922","1.7846965789794922","1.7847940921783447","1.7847940921783447","1.7847940921783447","1.7142271995544434","1.7142271995544434","1.7142271995544434"
"174","1.8069788217544556","1.8069788217544556","1.8069788217544556","1.7648675441741943","1.7648675441741943","1.7648675441741943","1.7518987655639648","1.7518987655639648","1.7518987655639648","1.726552963256836","1.726552963256836","1.726552963256836"
"175","1.7556557655334473","1.7556557655334473","1.7556557655334473","1.8125190734863281","1.8125190734863281","1.8125190734863281","1.7003204822540283","1.7003204822540283","1.7003204822540283","1.7734454870224","1.7734454870224","1.7734454870224"
"176","1.765650749206543","1.765650749206543","1.765650749206543","1.7886779308319092","1.7886779308319092","1.7886779308319092","1.7073798179626465","1.7073798179626465","1.7073798179626465","1.704256296157837","1.704256296157837","1.704256296157837"
"177","1.780619740486145","1.780619740486145","1.780619740486145","1.7795594930648804","1.7795594930648804","1.7795594930648804","1.7133917808532715","1.7133917808532715","1.7133917808532715","1.7427459955215454","1.7427459955215454","1.7427459955215454"
"178","1.7800248861312866","1.7800248861312866","1.7800248861312866","1.7683794498443604","1.7683794498443604","1.7683794498443604","1.6939480304718018","1.6939480304718018","1.6939480304718018","1.7392449378967285","1.7392449378967285","1.7392449378967285"
"179","1.747649908065796","1.747649908065796","1.747649908065796","1.7703417539596558","1.7703417539596558","1.7703417539596558","1.7032848596572876","1.7032848596572876","1.7032848596572876","1.7090611457824707","1.7090611457824707","1.7090611457824707"
"180","1.733759880065918","1.733759880065918","1.733759880065918","1.7419662475585938","1.7419662475585938","1.7419662475585938","1.764491319656372","1.764491319656372","1.764491319656372","1.74920654296875","1.74920654296875","1.74920654296875"
"181","1.7246884107589722","1.7246884107589722","1.7246884107589722","1.7999002933502197","1.7999002933502197","1.7999002933502197","1.6997437477111816","1.6997437477111816","1.6997437477111816","1.6917518377304077","1.6917518377304077","1.6917518377304077"
"182","1.7846884727478027","1.7846884727478027","1.7846884727478027","1.78205406665802","1.78205406665802","1.78205406665802","1.7028554677963257","1.7028554677963257","1.7028554677963257","1.7745722532272339","1.7745722532272339","1.7745722532272339"
"183","1.789271593093872","1.789271593093872","1.789271593093872","1.7575892210006714","1.7575892210006714","1.7575892210006714","1.7099287509918213","1.7099287509918213","1.7099287509918213","1.7654919624328613","1.7654919624328613","1.7654919624328613"
"184","1.7809970378875732","1.7809970378875732","1.7809970378875732","1.7697817087173462","1.7697817087173462","1.7697817087173462","1.7365798950195312","1.7365798950195312","1.7365798950195312","1.6911346912384033","1.6911346912384033","1.6911346912384033"
"185","1.7271755933761597","1.7271755933761597","1.7271755933761597","1.7672382593154907","1.7672382593154907","1.7672382593154907","1.724948763847351","1.724948763847351","1.724948763847351","1.693375587463379","1.693375587463379","1.693375587463379"
"186","1.7781686782836914","1.7781686782836914","1.7781686782836914","1.7770545482635498","1.7770545482635498","1.7770545482635498","1.754298210144043","1.754298210144043","1.754298210144043","1.7397516965866089","1.7397516965866089","1.7397516965866089"
"187","1.735888957977295","1.735888957977295","1.735888957977295","1.7866928577423096","1.7866928577423096","1.7866928577423096","1.760599970817566","1.760599970817566","1.760599970817566","1.753974199295044","1.753974199295044","1.753974199295044"
"188","1.7413873672485352","1.7413873672485352","1.7413873672485352","1.7799214124679565","1.7799214124679565","1.7799214124679565","1.721259355545044","1.721259355545044","1.721259355545044","1.7818374633789062","1.7818374633789062","1.7818374633789062"
"189","1.7753477096557617","1.7753477096557617","1.7753477096557617","1.7589821815490723","1.7589821815490723","1.7589821815490723","1.7411668300628662","1.7411668300628662","1.7411668300628662","1.7385969161987305","1.7385969161987305","1.7385969161987305"
"190","1.8100042343139648","1.8100042343139648","1.8100042343139648","1.7940237522125244","1.7940237522125244","1.7940237522125244","1.744333267211914","1.744333267211914","1.744333267211914","1.6695945262908936","1.6695945262908936","1.6695945262908936"
"191","1.7954351902008057","1.7954351902008057","1.7954351902008057","1.7735422849655151","1.7735422849655151","1.7735422849655151","1.7385869026184082","1.7385869026184082","1.7385869026184082","1.7640385627746582","1.7640385627746582","1.7640385627746582"
"192","1.7423524856567383","1.7423524856567383","1.7423524856567383","1.7930556535720825","1.7930556535720825","1.7930556535720825","1.6741623878479004","1.6741623878479004","1.6741623878479004","1.7655808925628662","1.7655808925628662","1.7655808925628662"
"193","1.7285757064819336","1.7285757064819336","1.7285757064819336","1.8030680418014526","1.8030680418014526","1.8030680418014526","1.767587423324585","1.767587423324585","1.767587423324585","1.7161190509796143","1.7161190509796143","1.7161190509796143"
"194","1.774355411529541","1.774355411529541","1.774355411529541","1.7888455390930176","1.7888455390930176","1.7888455390930176","1.7537951469421387","1.7537951469421387","1.7537951469421387","1.8036024570465088","1.8036024570465088","1.8036024570465088"
"195","1.718275547027588","1.718275547027588","1.718275547027588","1.7879488468170166","1.7879488468170166","1.7879488468170166","1.736776351928711","1.736776351928711","1.736776351928711","1.676661491394043","1.676661491394043","1.676661491394043"
"196","1.7850364446640015","1.7850364446640015","1.7850364446640015","1.716718316078186","1.716718316078186","1.716718316078186","1.7381097078323364","1.7381097078323364","1.7381097078323364","1.717040777206421","1.717040777206421","1.717040777206421"
"197","1.7702958583831787","1.7702958583831787","1.7702958583831787","1.7603944540023804","1.7603944540023804","1.7603944540023804","1.7493271827697754","1.7493271827697754","1.7493271827697754","1.6474899053573608","1.6474899053573608","1.6474899053573608"
"198","1.6735173463821411","1.6735173463821411","1.6735173463821411","1.7663991451263428","1.7663991451263428","1.7663991451263428","1.7054197788238525","1.7054197788238525","1.7054197788238525","1.7255871295928955","1.7255871295928955","1.7255871295928955"
"199","1.7752538919448853","1.7752538919448853","1.7752538919448853","1.7169760465621948","1.7169760465621948","1.7169760465621948","1.7607804536819458","1.7607804536819458","1.7607804536819458","1.6755651235580444","1.6755651235580444","1.6755651235580444"
